CPE,f01_pct_hora_00,f02_pct_hora_01,f03_pct_hora_02,f04_pct_hora_03,f05_pct_hora_04,f06_pct_hora_05,f07_pct_hora_06,f08_pct_hora_07,f09_pct_hora_08,f10_pct_hora_09,f11_pct_hora_10,f12_pct_hora_11,f13_pct_hora_12,f14_pct_hora_13,f15_pct_hora_14,f16_pct_hora_15,f17_pct_hora_16,f18_pct_hora_17,f19_pct_hora_18,f20_pct_hora_19,f21_pct_hora_20,f22_pct_hora_21,f23_pct_hora_22,f24_pct_hora_23,cluster
C16SC000825R,1.1372494673203182,1.1545723838065376,1.1701630086441352,1.1805567585358672,1.1944150917248428,1.2022104041436417,1.1987458208463977,1.1952812375491537,1.1814229043601783,13.255495695255254,19.729935731979836,7.975470750255513,5.37703327732257,0.0,0.0,5.44719108909176,2.9648171566164883,5.150103071353093,3.8820655845618175,4.8374244287768295,6.205068685363868,8.765395742027128,1.1207926966584096,4.674589013806365,0
C16SE010255,0.495143782136736,0.33326985336126463,0.1523519329651495,0.5617977528089888,0.5427537611883452,0.6284517234812418,0.6855836983431729,1.1521614930489432,3.027994667682347,1.694915254237288,12.178632641401638,8.31270234241097,9.607693772614741,7.417634736240718,15.787469053513616,10.36945343744049,10.112359550561798,5.160921729194439,7.02723290801752,1.4949533422205297,0.971243572652828,0.8379356313083222,0.7903256522567131,0.6570177109122073,1
C17SC007432,0.01408318467749507,0.01408318467749507,0.009388789784996715,0.0046943948924983575,0.009388789784996715,0.01408318467749507,0.01408318467749507,0.6619096798422685,6.820955778800113,7.6143085156323345,9.539010421556663,9.83475729978406,10.355835132851375,11.125715895221107,12.538728757863113,8.966294244671861,8.008637686602196,5.581635527180547,4.088817951366068,3.4503802459862927,1.2534034362970614,0.0328607642474885,0.02816636935499014,0.01877757956999343,1
C17SC007452,0.0,0.0,0.0,0.0,6.885980815505818,19.10538286580743,33.43936447242641,29.436002241487298,0.0,0.0,0.0,0.0,0.0,0.0,0.0,0.0,3.040841216995748,8.092428387777304,0.0,0.0,0.0,0.0,0.0,0.0,0
C17SC007487,1.349811026456296,0.7408962745215669,0.27596136540884275,0.044993700881876535,0.002999580058791769,0.002999580058791769,0.002999580058791769,0.0,0.002999580058791769,0.45593616893634886,14.44297798308237,10.57951886735857,11.437398764173016,7.774911512388266,9.5476633271342,8.719779230907672,9.112724218609396,8.113864059031735,6.014158017877497,3.1375607414961904,1.3078169056332114,4.190413342132102,1.3858059871617971,1.3558101865738794,1
C18LB000167,0.0,0.0,0.0,0.0,0.0,0.04452359750667854,0.0,0.0,0.4897595725734639,7.168299198575245,7.702582368655387,10.151380231522708,13.846838824577027,13.178984861976847,11.887800534283171,7.435440783615317,9.349955476402494,8.19234194122885,5.7435440783615315,3.561887800534283,1.2466607301869992,0.0,0.0,0.0,1
C18LB000173,0.0,0.00544425087108014,0.0,0.0,0.0,0.0,0.0,0.00544425087108014,2.5206881533101044,4.801829268292683,4.584059233449478,10.883057491289199,14.09516550522648,9.652656794425088,18.564895470383277,10.273301393728223,6.429660278745645,12.418336236933799,3.1413327526132404,2.6186846689895473,0.0,0.00544425087108014,0.0,0.0,1
C18SC002011N,0.10179843909060063,0.011310937676733402,0.04524375070693361,0.0339328130302002,0.0,0.0,0.0,0.0,0.05655468838366701,5.791200090487502,7.895034498359914,6.447234475738039,3.913584436149757,6.051351657052371,6.65083135391924,6.401990725031105,5.960864155638503,3.2009953625155525,6.78656260604004,9.467254835425857,10.134600158353129,10.598348603099197,8.698111073407986,1.7531953398936773,0
C18SC002050U,15.418971279836727,1.7007305746990442,0.7867727528172971,0.1981720843562365,2.6945487887840516,0.3164837765092135,1.4522760211777925,1.6948149900913954,6.879824898695613,2.588068265846372,3.7475228489455468,2.653139696530509,3.280191664941287,2.1355260433612346,2.7773669732911355,2.511165665946937,4.084711171581531,2.7152533349108223,6.450945014641071,4.661480670827294,14.815581649856547,6.232068384158063,4.584578070927859,5.619805377266408,0
C18SC002069,4.416265850459116,4.2040617689272946,4.229753531999831,4.234200183300848,4.235682400401187,4.228271314899493,4.219872084664241,4.170217811802894,4.12970387772697,4.109693946872397,4.110188019239178,4.092895486401893,4.112411344889686,4.113152453439856,4.131680167194089,4.131680167194089,4.151937134232051,4.145267157280527,4.149960844764932,4.124516117875785,4.114881706723583,4.119822430391379,4.149466772398153,4.174417426920521,0
C18SC002113,3.0405729041377594,2.8568569889749167,2.523273166193717,2.4385467070572036,2.4496164956881046,2.664200090687115,3.8471773103393954,4.578422001630665,4.359580795619769,4.4423913298009365,4.4807098289079015,4.390874236557126,4.762350797344102,3.899545925785583,3.461011991561415,3.3100796811900874,7.987491138847082,4.281879394652867,4.876454772462624,4.941383340393872,7.90382908246354,4.729992953653777,4.247605626007191,3.5261534400432573,0
C18SC005955,1.5786037401483006,1.5855990299864762,1.5716084503101246,24.504500303129234,10.523247679895539,1.5925943198246517,1.5902625565452597,1.566944923751341,1.5552861073543818,1.5436272909574225,1.5576178706337738,1.5576178706337738,1.5552861073543818,1.5576178706337735,1.5412955276780307,1.5599496339131655,1.5412955276780307,32.53042951079607,1.5739402135895166,1.5809355034276922,1.5016555519283687,1.4666791027374904,1.4363661801053962,1.4270391269878284,0
C18SC005960J,5.9405940594059405,1.9579486038491487,1.952386249860941,1.9690733118255643,1.974635665813772,1.974635665813772,1.9690733118255643,1.9635109578373566,2.369562798976527,2.51418400266993,3.209478251195906,4.171765491155856,3.2039158972076978,3.6600289242407387,3.309600622983646,3.042607631549672,3.1927911892312824,4.277450216931805,9.261319390366001,5.30648570475025,3.9993325175214154,8.410279230170207,14.19512737790633,6.174212926910667,0
C18SC005963M,2.1341828786002477,1.6118723285263452,7.478128869891744,0.5083290057124595,0.5372907761754485,0.35053729077617546,0.9337674269963647,1.6987576399153121,4.417169336475852,4.335277433787401,5.29001717732593,3.172811888307434,4.8545919386409935,3.90784164902329,9.502456757080655,3.4664243198977354,3.631206807014741,2.665481564335078,7.01773658770423,3.963767826469061,5.730435824711382,5.3938800782966485,13.146646426716735,4.251388167618743,0
C20LB001379,0.83644241184258,1.1974966903357802,0.63786255867132,0.63786255867132,0.63786255867132,0.64989770128776,0.66795041521242,0.9327235527741,6.222168732699481,3.2494885064388,6.968347574918761,7.87700084245998,23.68516066915392,12.414249608857862,8.17787940787098,8.03947526778192,6.438801299795401,3.3337345047538802,1.88349981947286,1.46226982789746,0.67998555782886,1.73907810807558,0.8725478396919001,0.75821398483572,1
C21FE004002H,8.410522415709522,5.891070766950722,1.4727676917376804,0.7595405705816969,0.8614301593182658,0.8058540200074101,0.8243793997776953,1.1670989255279733,0.7317525009262689,0.9355316783994072,1.0281585772508337,3.093738421637643,4.325676176361616,5.409410892923304,4.603556872915894,8.605038903297517,8.26231937754724,9.216376435716931,8.206743238236383,5.909596146721007,5.74286772878844,3.5105594664690627,4.853649499814746,5.372360133382734,0
C21FE010289Z,2.941025662937863,2.8547134177085374,2.9393165095669858,2.9687994052146265,2.979481613782612,2.9833272088670872,2.981618055496209,2.914106497346539,3.7904748882640975,4.225454421152481,4.444226052624831,5.822658246237725,5.476127400292265,4.150678961176581,3.983181930830562,4.677098199406923,5.057384824427219,4.377996359503319,4.263483083654511,5.633369510413016,5.2680379773879,5.774374663510429,3.3755779074835277,6.117487202714134,0
C22FC002164L,7.306090979182728,1.2860447185813415,0.9838087895142635,0.8018504240555127,1.4772552043176561,1.0763299922898995,1.2367000771010024,3.7995373939861214,2.9082498072474943,4.545875096376252,3.592906707787201,3.9013107170393213,9.668465690053969,7.688511950655356,5.014649190439475,4.08018504240555,4.7710100231303,3.4356206630686192,4.0061680801850414,4.089437162683115,10.729375481881263,6.328450269853507,3.959907478797224,3.3122590593677717,0
C22FC002165M,0.40595983588857704,0.40595983588857704,0.0993305981429497,0.40595983588857704,0.23321096955301232,0.2245735262362341,1.4165407039516305,6.927229540056144,4.750593824228029,6.862448715180307,6.793349168646082,5.074497948607213,4.348952709997842,4.413733534873678,4.033686028935436,10.5160872381775,3.493845821636796,4.84560570071259,6.154178363204492,8.084646944504428,9.609155689915786,7.238177499460161,2.763981861369035,0.8982941049449364,0
C22FC002170J,3.5847512862115356,2.4656432444425955,1.593376877314141,1.163484073164982,0.7876745572797492,0.5685679022617909,0.5033906061488539,0.9221894024490024,4.5651842298678424,7.387222476459904,4.856401935904371,5.183675167450182,5.505401395071488,6.521889864237081,4.913258726130549,4.852241682960991,4.110329908058411,2.8996963015351334,3.7691891667013357,4.1879879630014845,6.971197182122007,8.489689506455326,8.516037775096727,5.681518769674531,0
C22FC002175O,5.010449895501045,2.1834781652183484,1.3859861401385989,0.7369926300736993,0.6764932350676494,0.7039929600703994,1.061489385106149,6.770432295677042,4.900450995490046,1.6004839951600487,3.1514684853151467,6.2259377406225935,3.7124628753712465,3.206467935320647,4.7959520404795954,3.349466505334947,6.946430535694644,4.251457485425146,2.7994720052799473,8.348916510834892,9.245407545924541,8.904410955890443,6.165438345616544,3.8664613353866466,0
C22FC002177Q,0.07489234225800412,0.05616925669350308,0.05616925669350308,0.07489234225800412,0.14978468451600824,0.07489234225800412,2.0969855832241153,8.144542220557947,17.09417712038944,9.941958434750047,12.282344130312675,10.016850777008049,8.72495787305748,10.578543343943082,3.0705860325781686,1.6850777008050926,12.05766710353866,0.24340011233851336,0.09361542782250515,0.0,0.09361542782250515,2.8271859202396556,0.44935405354802466,0.11233851338700616,1
C23FC001331N,6.934498899531914,0.30069127995288136,0.3099910102607024,0.20459406677206363,14.687374066152081,0.21079388697727766,1.3422610744288415,1.7855482191016463,3.8221891565144612,1.5902538826374035,2.1327381505936325,2.6349235872159706,9.144734802690722,2.005641836386745,2.6039244861899005,1.9219442636163553,11.128677268359217,2.693821879165504,2.1327381505936325,3.0069127995288136,19.6379305000155,4.3429740537524415,3.1278092935304875,2.297033386031805,0
C23FC001333P,1.5844383775351012,0.5996489859594384,1.311427457098284,0.5362714508580343,0.7020280811232449,1.452808112324493,2.5643525741029642,3.344383775351014,5.14820592823713,5.6844773790951635,7.4639235569422775,4.412051482059282,4.816692667706708,4.012285491419656,8.224453978159127,3.349258970358814,2.7642355694227767,3.6953978159126364,6.406006240249611,6.776521060842433,5.850234009360374,9.638260530421217,6.4742589703588145,3.188377535101404,0
C23FE003152I,2.4863339798977258,0.0,0.0,0.0,0.0,0.0,0.017633574325515784,0.0,0.0,0.03526714865103157,1.1990830541350734,2.116028919061894,5.642743784165051,2.204196790689473,0.0,0.017633574325515784,0.017633574325515784,0.017633574325515784,0.14106859460412627,11.497090460236292,16.94586492682067,33.309821900899315,5.607476635514019,18.74448950802328,0
C23FE003153J,2.7684563758389276,0.9228187919463091,1.5939597315436247,0.5872483221476513,0.16778523489932895,0.08389261744966447,0.9228187919463091,8.892617449664433,12.41610738255034,11.996644295302017,16.359060402684573,14.597315436241617,19.882550335570475,0.7550335570469803,0.4194630872483223,0.7550335570469803,1.3422818791946316,2.0134228187919474,0.16778523489932895,0.0,0.0,0.0,1.5939597315436247,1.7617449664429539,1
D01TE050163,15.57911908646003,9.62479608482871,24.959216965742247,37.43882544861337,2.9363784665579113,0.0,5.872756933115823,0.0,0.0,0.0,0.0,1.794453507340946,0.0,0.0,0.0,0.0,0.0,0.0,0.0,0.0,0.0,0.0,0.0,1.794453507340946,0
D01WF051014,5.238938053097344,1.407079646017699,0.5221238938053097,0.814159292035398,0.4778761061946903,0.5575221238938053,0.831858407079646,0.9203539823008848,1.5221238938053094,1.2743362831858405,3.7522123893805306,4.106194690265487,2.6283185840707963,2.5398230088495573,4.398230088495575,3.548672566371681,3.345132743362831,4.238938053097344,4.539823008849557,6.884955752212389,9.38938053097345,13.00884955752212,9.5929203539823,14.460176991150442,0
D03TD027211,0.0,0.0,0.0,0.0,0.006310740880979426,0.006310740880979426,0.0,2.625268206487441,3.3257604442761575,8.191341663511295,8.778240565442381,11.403508771929822,11.226808027262397,15.01956329673103,14.94383440615928,8.936009087466866,5.408304934999367,4.897134923640034,1.912154486936766,3.2500315537044044,0.018932222642938278,0.025242963523917705,0.012621481761958852,0.012621481761958852,1
D05AE129685,4.040303785556217,14.573545953814598,15.53960166743863,5.060764463265621,19.646441253666822,14.058169199438305,0.02132086430372674,0.030510892020850337,0.03676011086849438,17.726828264114044,0.04668534080298786,0.04558253747693303,0.043744531933508315,6.825984987170722,0.20990023305910288,0.04631773969430292,0.04558253747693303,1.210142849790835,0.042274127498768535,0.043009329716138425,0.03970091973797393,0.019482858760302025,0.008087224391068763,0.6392583280031173,0
D05AE130850,2.992277992277991,2.0270270270270263,1.5444015444015438,0.9652509652509649,0.6756756756756753,1.6409266409266405,1.6409266409266405,3.281853281853281,4.826254826254824,5.5019305019305,6.274131274131271,5.984555984555982,5.791505791505789,5.791505791505789,6.274131274131271,5.791505791505789,5.791505791505789,5.405405405405403,5.2123552123552095,5.2123552123552095,5.019305019305017,4.247104247104245,4.247104247104245,3.8610038610038595,0
D06AE082862,0.25886483323581044,10.49783499122294,17.780222352252782,17.729666471620835,13.157636044470452,15.564657694558223,12.556582796957287,3.5744880046811005,2.337273259215916,0.3229959040374488,0.9146869514335871,0.44938560561732005,0.3332943241661791,0.29724985371562324,0.8028086600351083,0.7630193095377416,0.30801638385020486,0.30333528379169106,0.4709186658864834,0.31410181392627273,0.31503803393797547,0.3070801638385021,0.3613809245172616,0.27946167349327095,0
D07AE127770V,13.294797687861266,15.02890173410404,14.450867052023114,5.202312138728321,4.6242774566473965,5.202312138728321,5.202312138728321,2.3121387283236983,1.7341040462427737,0.5780346820809246,0.5780346820809246,1.7341040462427737,1.7341040462427737,1.1560693641618491,2.890173410404623,4.6242774566473965,1.7341040462427737,3.4682080924855474,2.890173410404623,0.5780346820809246,1.7341040462427737,1.7341040462427737,2.890173410404623,4.6242774566473965,0
D08AB044387,35.90978760674404,1.0291219619005911,0.26275454346398075,0.875848478213269,8.36435296693672,0.9853295379899276,1.0291219619005911,0.9415371140792643,0.9415371140792643,1.5984234727392161,1.686008320560543,2.014451499890519,4.860959054083644,0.3503393912853076,1.1823954455879133,0.7882636303919421,9.612437048390628,1.7298007444712062,1.1386030216772498,0.7882636303919422,20.67002408583315,0.6130939347492883,1.4670462010072258,1.1604992336325815,0
D08AC357150V,0.2291825821237586,0.22281639928698757,0.1400560224089636,4.15711739241151,0.4138018843901197,1.1140819964349375,5.220269926152279,2.3172905525846703,2.2536287242169597,1.7252355487649609,1.4705882352941178,10.625159154570921,2.6483320600967666,2.361853832442068,3.1003310415075123,19.95798319327731,4.354469060351414,2.61013496307614,3.26585179526356,14.84593837535014,7.142857142857142,5.010185892538834,2.9284441049146936,1.8843901196842376,0
D08AC395031B,4.216367596722331,3.1791307955606265,2.2093143864744325,1.431386785603153,0.7156933928015766,1.5351104657193237,0.7260657608131937,3.645887356083394,5.06690177367493,8.012654288974174,5.818898454517167,5.533658334197697,5.611451094284826,7.514780624416555,4.667565605227673,4.304532724821077,4.885385333471631,2.867959755212115,3.827403796286692,5.684057670366145,5.518099782180272,4.143761020641012,4.667565605227673,4.216367596722331,0
D10JC116614G,10.805412896388685,21.590445911795875,21.39479905437352,22.10401891252955,20.734490910573083,1.4591994782750468,0.0,0.0,0.0,0.0,0.0,0.0,0.0,0.0,0.0,0.0,0.0,0.0,0.0,0.0,0.0,0.0,0.0,1.9116328360642372,0
D10OF068767,0.0030776069895874303,0.003191592433646224,0.003191592433646224,0.003191592433646224,0.003191592433646224,0.0033055778777050173,0.0029636215455286366,0.04855779916904612,0.046392075731929036,0.04559417762351749,0.0490137409452813,0.05653678025316168,0.05049555171804561,0.048329828280928536,0.05448504226010339,99.44454893110151,0.04639207573192904,0.04092077441710694,0.025532739469169792,0.005813257646998479,0.006155213979174861,0.0030776069895874303,0.0029636215455286366,0.0030776069895874303,1
D11JE109235D,2.0560812290386896,1.1559694353844203,1.1951548399737226,1.6941924925374854,1.4636901126004125,1.3323037560362807,2.810976523332603,3.4690608180529465,5.5043968328972985,3.3918425207740266,3.216660712021851,1.864764253690919,5.092950084709624,3.106019569652056,2.127536966819182,1.4890453743934904,3.013818617677227,8.521672986273582,6.659213756382035,14.674934018693742,8.7406502472138,5.343045166941348,8.020330309910447,4.055689374992796,0
D12XF094973V,1.0626630866391864,0.6315471013122567,0.3630450402753092,0.17963166055288737,0.06050750671255154,0.032144612941043,0.03025375335627577,0.035926332110577476,3.9235336383920134,8.138259652838181,8.25549294709375,12.116628219188446,14.211700639110541,9.998865484249142,6.782513330560075,4.5437355821956675,3.2768596604016196,2.792799606701207,3.3827477971485846,3.390311235487653,5.521309987520328,4.161781946072686,5.585599213402414,1.5221419657376247,1
D13XF126371P,0.0,0.0,0.0,0.0,0.0,0.0,0.0,0.40692942681083594,3.325194744797117,8.138588536216721,11.161492849668644,10.952214858737356,13.219393093826302,12.196256249273342,9.847692128822231,14.951749796535289,7.708405999302408,5.266829438437392,1.6044645971398677,1.0580165097081735,0.13951866062085805,0.023253110103476343,0.0,0.0,1
D15XF072893,1.3030303030303032,1.3333333333333335,1.363636363636364,1.363636363636364,1.363636363636364,1.3939393939393943,1.363636363636364,1.363636363636364,1.2727272727272732,1.9090909090909096,6.121212121212123,5.939393939393941,3.545454545454546,9.333333333333336,6.5151515151515165,11.72727272727273,8.939393939393941,8.636363636363638,7.303030303030305,5.696969696969698,5.212121212121213,3.0000000000000004,2.5757575757575766,1.4242424242424245,0
D16BA133407,0.0018121851328331705,0.0,0.0,0.0,0.0,0.0,0.0,0.0,0.0,3.434090826718858,48.805769997462946,38.97104128157733,3.693233300714001,0.7321227936646009,0.7520568301257657,0.8861585299554202,1.0057627487224097,0.9622703055344135,0.7556812003914319,0.0,0.0,0.0,0.0,0.0,1
D16BX009425,0.07215007215007216,0.0,0.0,0.0,0.0,0.0,0.0,0.0,0.0,0.14430014430014432,1.0822510822510822,14.502164502164504,4.329004329004329,5.266955266955268,4.329004329004329,6.421356421356421,6.854256854256854,10.461760461760463,7.070707070707072,16.305916305916305,5.916305916305917,4.401154401154401,12.770562770562771,0.07215007215007216,0
D16BX009428,5.522575559770425,4.164100795625291,3.928861738552109,3.9263985023523897,5.055792299923639,4.590240658176711,4.109909599231469,4.068034583836243,3.614799123087912,3.8414168534620776,3.8315639086632007,3.882060250757444,4.32297953050718,4.117299307830627,3.883291868857304,3.9140823213537934,4.6382737640712355,4.447372958592998,3.995369115944527,3.922703648052811,3.4362144986082708,5.0126856664285535,3.898071286055619,3.8759021602581463,0
D16XF077374,0.9367267585719337,1.04277129727819,0.689289501590668,0.6657240485448331,0.4713090609166961,0.6598326852833745,0.5007658772239896,0.7717685872510899,1.5022976316719687,5.926711441027454,6.1623659714858015,7.140332272887946,9.714858018145398,13.396960056557086,9.443855308118298,9.337810769412041,9.049133969600565,9.343702132673501,4.819135147873217,3.051726169435607,0.9897490279250618,1.0133144809708967,2.362436667844939,1.007423117709438,1
D17BA019937,0.1656177542232527,0.13249420337860218,22.822126531964223,4.769791321629677,4.869161974163629,4.802914872474328,4.836038423318978,4.769791321629678,5.200397482610135,5.001656177542232,5.001656177542232,3.776084796290162,3.875455448824113,9.506459092414705,6.75720437230871,3.0804902285525,3.411725736999006,4.405432262338522,1.4905597880092742,0.43060616098045706,0.3643590592911559,0.2318648559125538,0.13249420337860218,0.1656177542232527,0
D17BA019938,1.6236162361623618,0.9741697416974171,1.2841328413284134,1.047970479704797,0.9741697416974171,0.33948339483394835,0.3542435424354244,4.073800738007381,5.00369003690037,5.0922509225092245,5.933579335793359,8.07380073800738,6.92250922509225,7.527675276752769,8.324723247232473,8.33948339483395,6.715867158671587,4.6642066420664205,5.7859778597785985,2.0811808118081183,2.3025830258302586,4.85608856088561,5.59409594095941,2.1107011070110704,0
D18BA316162,0.0,12.179487179487177,0.0,0.0,0.0,3.846153846153846,0.0,0.0,2.243589743589743,8.333333333333332,0.3205128205128205,3.205128205128205,11.538461538461538,21.794871794871792,16.025641025641022,3.846153846153845,8.012820512820513,4.487179487179486,1.6025641025641024,0.0,0.0,2.564102564102564,0.0,0.0,1
D18BX003233,6.636155606407322,0.4576659038901601,0.4576659038901601,0.22883295194508005,0.6864988558352403,0.4576659038901601,0.0,0.0,0.22883295194508005,0.22883295194508005,0.0,0.22883295194508005,1.3729977116704806,0.4576659038901601,0.22883295194508005,0.22883295194508005,2.059496567505721,0.4576659038901601,0.4576659038901601,0.22883295194508005,2.974828375286041,24.027459954233404,34.78260869565217,23.112128146453088,0
D18BX003239,8.082743518554727,6.749305908575451,4.141086301959097,1.8417862589449812,11.480858718179329,0.7898955930082509,0.48879677785164044,0.09775935557032808,2.1780784421069095,2.197630313220975,0.5357212685253979,1.5915223086849413,3.0618230164626756,1.6462675478043247,3.046181519571423,3.9729402103781335,5.70914636530716,7.222461189535838,7.179447073084893,7.2029093184217725,5.110859109216752,4.778477300277636,4.59468971180542,6.299612872951942,0
D18BX003284,0.0,0.0,0.0,0.0,0.0,0.0,0.0,0.0,0.0,0.9708737864077668,1.9417475728155336,0.0,87.37864077669903,0.9708737864077668,0.0,0.9708737864077668,4.854368932038835,0.0,0.9708737864077668,1.9417475728155336,0.0,0.0,0.0,0.0,1
D19BA000196,0.0,0.0,0.0,0.0,0.0,0.0,0.0,0.0,0.09385265133740028,8.305959643359925,16.04880337869545,19.615204129516663,14.922571562646647,8.165180666353827,6.006569685593618,5.771938057250118,11.262318160488034,7.2735804786485225,1.4547160957297045,0.6569685593618021,0.37541060534960113,0.04692632566870014,0.0,0.0,1
D19BA093038,0.0,0.0,0.0,0.0,0.0,0.0,0.0,0.0,0.0,3.816793893129771,11.068702290076335,21.374045801526716,10.687022900763358,18.3206106870229,2.2900763358778624,16.41221374045801,5.343511450381679,8.015267175572518,2.6717557251908395,0.0,0.0,0.0,0.0,0.0,1
D19BA093039,0.19175455417066156,0.0,0.0,0.0,0.0,0.0,0.0,0.0,1.821668264621285,10.93000958772771,4.79386385426654,14.285714285714285,7.861936720997124,10.258868648130393,10.738255033557047,8.341323106423777,9.395973154362418,12.27229146692234,9.108341323106425,0.0,0.0,0.0,0.0,0.0,1
D19BA310997,2.8455284552845526,2.439024390243902,3.6585365853658534,2.439024390243902,3.2520325203252027,3.2520325203252027,3.6585365853658534,2.0325203252032518,3.2520325203252027,13.008130081300811,19.105691056910565,3.2520325203252027,8.536585365853657,1.219512195121951,3.6585365853658534,1.219512195121951,1.219512195121951,10.975609756097558,2.439024390243902,0.40650406504065034,2.439024390243902,2.0325203252032518,1.219512195121951,2.439024390243902,0
D19BA343472,0.0,0.0,0.0,0.0,0.0,0.0,0.0,0.0,1.941346551011978,5.431639818256917,27.881040892193305,31.990912845931422,7.765386204047912,4.688145394465096,3.8000826104915313,2.1685254027261456,6.505576208178438,5.989260636100783,1.8380834365964474,0.0,0.0,0.0,0.0,0.0,1
D19BA343473,0.0,0.0,0.0,0.0,0.0,0.0,0.0,0.0,0.0,0.0,2.966101694915254,23.389830508474574,29.999999999999993,3.220338983050847,4.1525423728813555,1.525423728813559,32.62711864406779,0.8474576271186439,1.2711864406779658,0.0,0.0,0.0,0.0,0.0,1
D19BA343474,0.0,0.0,0.0,0.0,0.0,0.0,0.0,0.0,0.0,0.0,0.0,13.401015228426397,0.40609137055837563,1.4213197969543148,0.0,0.0,0.0,10.964467005076143,21.6243654822335,0.0,26.39593908629442,0.0,25.78680203045685,0.0,0
D19BA343504,0.33296337402885673,1.1098779134295225,2.1087680355160927,0.0,0.0,0.0,0.0,0.0,16.093229744728077,18.75693673695893,9.655937846836844,23.19644839067702,16.42619311875693,0.0,1.1098779134295225,3.218645948945615,2.5527192008879016,1.331853496115427,0.6659267480577135,0.9988901220865702,2.441731409544949,0.0,0.0,0.0,1
D19BX000040,0.11860114754623842,0.11379299291598549,0.11219027470590122,0.10738212007564828,0.11219027470590122,0.10417668365547969,0.13302561143699715,3.2038337019585224,5.625540917395903,8.590569606051865,12.743212488380292,12.366573709010483,13.53495528416194,14.74180209635542,8.087316088085393,8.561720678270348,6.114369971471616,3.396159887168638,1.4664871622271374,0.2035452126807065,0.1618745392185146,0.14264192069750295,0.13943648427733435,0.11860114754623842,1
D19BX000041,2.5160008828073273,1.444020556799193,1.1287322256203298,1.4629378566699247,7.056152851782955,3.0173093293817197,2.6515748652142386,1.708862754989438,2.6231989154081408,3.953715672982943,3.953715672982943,3.9694800895418867,10.117602547529717,5.511240029006527,5.508087145694739,5.5459217454362015,7.128669167954095,4.8617460667780685,4.893274899895955,4.275309770785383,8.090298578049627,4.382507803386196,2.2322413847463505,1.9673991865561056,0
D19BX000057,0.33697216469514557,0.7792481308575241,0.5651304012074837,0.5826810347853557,0.49492786689599494,0.6844747095370143,0.5756607813542068,1.1583418161395627,1.3513987854961564,3.2468672119063506,3.92783179472779,7.98904840464741,13.608761276282074,13.243708097862333,12.338095405244133,12.373196672399875,7.957457264207238,10.396995331531468,4.170030538102425,2.572922882516059,0.4106848257222086,0.4212152058689319,0.3755835585664643,0.4387658394468041,1
H19VA232210,0.0,0.0,0.0,0.0,0.0,0.0,0.0,0.0,3.9720279720279716,16.11188811188811,1.5104895104895104,31.412587412587413,12.391608391608392,8.951048951048952,5.230769230769231,4.587412587412587,3.6363636363636362,9.006993006993007,0.0,1.6783216783216783,0.7552447552447552,0.0,0.7552447552447552,0.0,1
H20VA222003,0.0,0.0,0.0,0.0,0.0,0.0,0.0,0.0,0.40128410914927776,4.253611556982343,5.296950240770466,17.57624398073836,3.210272873194222,2.4879614767255216,12.359550561797752,11.87800963081862,9.951845906902088,6.260032102728733,3.5313001605136436,21.74959871589085,1.0433386837881218,0.0,0.0,0.0,1
H20VA222016,2.4721878862793574,1.6069221260815822,2.2249690976514214,1.8541409147095178,1.8541409147095178,1.6069221260815822,1.73053152039555,2.1013597033374536,1.8541409147095178,1.9777503090234856,2.4721878862793574,1.73053152039555,2.1013597033374536,11.248454882571075,7.787391841779975,8.65265760197775,5.686032138442521,13.720642768850432,7.540173053152039,7.787391841779975,5.809641532756489,2.2249690976514214,1.9777503090234856,1.9777503090234856,0
H20VA543760,0.0,0.0,0.0,0.0,0.0,0.0,0.0,0.0,0.0,5.515587529976019,6.235011990407674,1.3189448441247,1.6786570743405271,0.0,2.2781774580335727,11.750599520383693,23.26139088729017,22.78177458033573,24.22062350119904,0.8393285371702638,0.0,0.0,0.1199040767386091,0.0,1
H21OF834686I,6.655931293612455,0.0,0.0,0.0,0.0,0.0,0.0,0.0,1.9592055823939885,2.093397745571659,4.267310789049921,5.340848094471284,14.117015566290931,7.434245840042944,2.5228126677402045,6.0654857756307035,6.387546967257113,10.17176596886742,7.0585077831454655,4.884594739667205,8.293075684380034,1.1808910359634999,3.3279656468062275,8.239398819108965,0
H21OF834752B,3.818674550381869,9.913155949741318,12.475363389997538,5.444690810544472,6.808943089430895,3.3043853165804395,11.061837891106187,13.691796008869183,3.2181571815718164,1.8354274451835435,1.8939393939393943,1.6414141414141419,1.5921409214092144,1.6013796501601385,1.653732446415374,2.5221729490022176,1.8693027839369307,1.8754619364375467,1.8939393939393947,1.7553584626755363,1.709164818920917,1.7984725301798479,1.847745750184775,4.773343187977336,0
H21VA420473Z,0.43015022169280664,0.45331215670703473,0.38713519952352593,0.4764740917212627,0.43015022169280664,0.4367679174111575,0.43015022169280664,1.4393488187413146,4.615842763549733,4.245251803322084,9.390510224339888,7.8188074912315555,12.083912381708691,16.306002250016547,15.670703461054863,10.187942558401167,6.094897756601153,4.007014757461453,2.458473959367349,0.7477996161736485,0.5062537224538416,0.49301833101713993,0.44007676527033296,0.45000330884785933,1
H21VA420783K,0.2913726382881857,0.2595037559754154,0.2549510585021625,0.2595037559754154,0.3004780332346915,0.25039836102890956,0.2595037559754154,0.4325062599590257,2.4493512406100613,4.985203733211927,10.798998406555882,12.715684042795356,9.333029820168449,16.184839517414066,11.914409287502844,10.293648987024811,7.243341679945367,4.702936489870247,5.668108354199863,0.35055770544047343,0.2686091509219212,0.2731618483951741,0.2731618483951741,0.2367402686091509,1
I11JB001828,2.170963364993215,0.2713704206241519,0.13568521031207595,0.13568521031207595,0.0,2.849389416553595,4.748982360922659,3.7991858887381262,2.578018995929443,2.9850746268656705,4.206241519674355,6.784260515603798,3.7991858887381262,6.512890094979645,22.52374491180461,6.105834464043417,8.68385345997286,10.583446404341924,2.8493894165535947,0.9497964721845316,0.13568521031207595,1.2211668928086836,4.748982360922657,1.2211668928086836,1
I13JA287987,2.0837352884429863,1.6785645379124057,8.740111904302527,3.183484468454563,3.12560293266448,3.1448967779278405,4.919930542157052,3.376422921088172,3.4150106116148944,4.225352112676055,6.5020258537526505,7.447424271657341,4.398996720046304,4.900636696893691,6.540613544279375,3.8973567431989196,3.4150106116148944,3.395716766351533,7.312367354813813,3.6465367547752265,3.5886552189851435,3.2027783137179235,2.0065599073895424,1.8522091452826546,0
I13JA287996,0.0,0.0,0.0,0.0,0.0,0.0,0.0,0.0,0.0,22.869955156950674,3.58744394618834,9.865470852017935,14.34977578475336,6.726457399103138,10.762331838565022,3.58744394618834,4.932735426008968,21.973094170403584,1.3452914798206277,0.0,0.0,0.0,0.0,0.0,1
I13JE090461J,0.0,0.0,0.0,0.0,0.0,0.0,0.0,0.0,1.1204481792717083,1.1204481792717083,5.322128851540615,2.2408963585434165,5.322128851540615,6.4425770308123225,9.243697478991594,13.4453781512605,17.086834733893554,12.885154061624645,6.4425770308123225,7.84313725490196,4.481792717086833,4.201680672268907,2.5210084033613445,0.28011204481792706,1
I14JE002622G,0.0,0.0,0.0,0.0,0.0,0.0,0.0,1.4711938539314675,6.14464846135276,5.575199875033727,10.896206989590878,19.541600988369616,11.74682969085048,10.576690949885686,11.641744415569663,8.477825586844459,6.961189451710477,2.997770488078501,3.000610630653659,0.07242363566651046,0.16046805549638593,0.20307019412374505,0.3734787486331814,0.1590479842088073,1
I16JC098524,0.015504476917709991,0.011628357688282494,0.0038761192294274978,0.0077522384588549955,0.0038761192294274978,0.0038761192294274978,0.0038761192294274978,4.422652040776775,5.558354974999031,6.070002713283461,7.112678785999458,8.69025931237645,8.39567425093996,10.504283111748519,12.798945695569596,9.089499593007483,7.159192216752588,6.283189270901975,4.2327221985348285,6.155277336330866,3.4148610411256253,0.023256715376564988,0.01938059614713749,0.01938059614713749,1
I17JE060870R,0.03559352197899983,8.542445274959958,0.21356113187399897,0.05339028296849974,0.03559352197899983,0.017796760989499914,3.6305392418579823,0.3381384588004983,1.405944118170493,13.98825413774693,4.502580530343478,2.9008720412884856,6.780565936999467,18.953550453817407,1.6906922940024918,2.9898558462359848,2.954262324256985,4.627157857269977,3.3457910660259835,18.935753692827905,1.9042534258764905,1.7974728599394911,0.2669514148424987,0.08898380494749956,0
I17JE060874,0.07824465605646932,0.05993207697942332,0.03662515815409202,0.08157421588865951,0.03995471798628221,0.03662515815409202,0.03496037823799694,0.05993207697942332,3.5359925417859763,4.479922754211892,5.224079376706399,17.64833189052407,12.966970766464673,13.542984617433573,13.081840580675236,10.937604048744754,6.998734767263767,4.32842778184724,3.5359925417859763,1.26523273623227,0.614303789039089,0.6009855497103281,0.6242924685356596,0.1864553506026503,1
I17JE060876,0.43574475851527367,0.41293089681290335,0.4174936691533774,0.41064951064266625,0.40836812447242926,0.4197750553236145,0.41521228298314034,5.066958684096455,6.282937512832794,5.361257500057032,8.701206853284052,13.882234845892357,15.009239613989456,11.201606095863841,5.174183834097595,12.999338398010627,6.328565236237535,2.751351721305864,1.6836629936349317,0.7688271393698807,0.49734218511167366,0.49734218511167366,0.43802614468551077,0.43574475851527367,1
I17JE060878,0.0,0.0,0.0,0.0,0.0,0.0,0.0,3.072739806469733,6.737814997319175,8.951413179462305,12.407128449970642,7.815252636147779,17.417724104475713,15.579441877090414,10.230551229351242,6.283350779993363,4.383792478361888,4.427196364286263,2.33104399111497,0.3497842571552584,0.0,0.006382924400643401,0.006382924400643401,0.0,1
I17JE060879,0.5162430071645894,0.4220237511041319,0.3906173324173127,0.36902541957012464,0.35332221022671506,0.3749141230739032,0.40435764059279616,0.4495043674550987,4.789478849739916,5.509863578368829,7.937972323093533,11.05505937776033,12.699970556482482,15.65217391304348,12.472274021003042,7.8555304740406315,6.666012366277357,4.979880263028756,3.091569339483757,2.196486406909412,0.45735597212680335,0.4455785651192462,0.45539307095887727,0.45539307095887727,1
I17JE096914,0.010984584965764708,0.018307641609607846,0.0,0.00366152832192157,0.00732305664384314,0.00732305664384314,0.01464611328768628,0.4979678517813334,2.82303833620153,5.41173885980008,7.381641096993885,14.986635421624984,11.149353740251179,11.24455347662114,11.52282962908718,13.053348467650395,12.247812236827652,7.165610926000513,2.178609351543334,0.2599685108564314,0.0,0.010984584965764708,0.00366152832192157,0.0,1
I18JC067687,0.0,0.0,16.561275382971143,0.0,0.0,0.0,0.0,0.0,0.0,6.4704310651941555,3.014784467402921,2.9346277164232273,1.5986818667616673,1.5719629497684358,11.78304239401496,3.602600641254007,3.277520484503028,4.920733879586747,16.196116850730316,6.180976131100819,12.032418952618453,2.9836123975774846,6.871214820092625,0.0,0
I18MF912111K,2.6855937080375982,2.7095722232879345,3.1699597160943798,2.560905428735853,2.5129483982351815,2.4745827738346446,5.0450796086706315,1.9038941108766545,1.1701515442163821,2.6760023019374644,4.618262037214656,4.910799923268751,5.5678112411279495,6.1432956071360065,9.533857663533475,6.397467868789565,5.999424515633992,6.5509303663917136,5.069058123920967,3.8029925187032423,3.3617878380970656,3.23709955879532,5.0882409361212355,2.8102819873393443,0
I19JC020003,3.72585601404741,2.6247439274217155,2.24246414983904,1.2895083406496926,0.9145449224465906,0.8797922153936202,1.8290898448931812,1.8071407667544632,1.9479806848112378,2.8314310798946445,2.944834650278022,2.778387474392743,4.01302311969564,4.759291776412058,7.393181153058238,9.410667251975417,6.842625109745391,8.32052970441908,6.656057945566286,7.0621158911325725,5.554945858940592,4.901960784313726,5.115964296166228,4.153863037752414,0
I19JC029846L,5.742944936954755,9.419112539587234,1.6470643638375777,1.5887872473186637,2.634537727074724,9.86178316203393,1.9764183708308312,2.15154404925888,3.405090712158137,0.8358939945137098,1.1472939403571973,0.8659155393870896,1.0869565217391304,12.523693474140263,3.027761099141737,2.6804530309987165,4.425234580110432,22.230659649866375,3.7088381073476255,4.005521609625731,2.8152556540576175,0.7823261399357184,0.518018813501454,0.9188947362224654,0
I19JC029855,5.837094477932936,0.47758963640586044,0.3867163440664789,0.3867163440664789,0.8824806389402156,0.4543664616969073,0.5290845020648433,0.6452003756096084,4.166035602136533,4.50731530003332,5.825987742202567,4.167045305384748,8.386595179676695,4.714304465917467,6.550954674421189,7.115378790173568,6.926564282757298,8.786437665969972,8.852068377103969,8.529973040923274,6.320742333828089,3.8540372984379894,1.2752552024959865,0.4220559577540161,0
I19JC029856,4.106240092870309,3.907021472569933,3.932108261792943,6.387170320852656,4.694672869498277,4.927217567639026,4.329192783366967,3.2060670678093457,3.817864991262665,3.777529369374687,3.7402681089110974,3.7244044039612527,3.51817623961327,3.3189576193128927,3.3538823650939467,5.878793915715766,3.6856674500139572,3.9128012720477825,3.6316816634016944,4.960666619936373,3.974780398363456,3.792409278668728,3.455336292098768,5.967089575824206,0
I19JC029874,0.0,0.0,0.0,0.0,0.0,0.006290495061961377,0.0,2.3463546581115935,5.271434861923634,6.013713279235076,9.379128137384413,12.700509530100021,10.240925960873122,11.92677863747877,9.649619425048753,7.636661005221111,12.989872302950243,7.139711895326164,4.686418821161226,0.006290495061961377,0.006290495061961377,0.0,0.0,0.0,1
I19JC029877,0.37551496591199085,0.3682234131758357,0.3645776368077581,0.3536403077035254,0.3645776368077581,0.35728608407160295,0.35728608407160295,1.0755040285828863,2.7999562506835822,4.61190710561814,7.229574537897843,10.386816872653029,10.711290969411934,9.829013088337158,10.981078420649673,10.89722556418389,17.390353275730057,5.6327244886798615,3.587443946188339,0.8822778810747745,0.3536403077035254,0.37551496591199085,0.3499945313354478,0.3645776368077581,1
I19JC029885,4.298095821116731,4.360924058381931,4.828108386764185,4.394754647678577,4.39314366723588,4.377033862808905,4.219157779424558,3.890517769114283,3.8518542384895444,5.408061346135257,5.016593098559783,3.847021297161452,3.8711860038019137,3.877629925572703,3.9452911041659946,4.037116989399749,4.066114637368302,4.038727969842446,3.943680123723298,3.8260785514063858,3.7777491381254626,3.5006605019815056,4.037116989399749,4.193382092341399,0
I19JC065474,10.946605764687353,3.1343518664356593,3.1737281461647497,3.1264766104898407,2.0239407780752874,2.5673334383367457,5.882816191526224,2.5752086942825643,2.10269333753347,5.465427626397858,9.277051504173885,2.701212789415656,2.5909592061742,3.2446054496771146,2.5673334383367457,11.749881871160813,2.5279571586076544,2.0239407780752874,2.0081902661836506,5.402425578831313,10.426838872263348,1.5041738856512836,1.4884233737596473,1.4884233737596473,0
I19JC065506,0.0,0.0,0.0,0.0,0.0,0.0,2.586716012441435,33.8005433284775,14.976967597149496,6.704988385369504,4.3899366116776255,4.586794755699044,4.102523721406355,2.8111342966258515,2.8386944367888503,4.000157486515218,4.374187960155912,5.960864600968542,5.9372416236859715,0.48033387141226036,2.3662348911374464,0.08268042048899564,0.0,0.0,0
I19JC065533,0.0006367642189450092,2.6212399072871304,0.0009551463284175136,0.0009551463284175136,0.0,0.0006367642189450092,0.44064083950994626,7.905427778202287,0.43618348997733125,10.86765492473447,0.3919283767606531,6.956012327755278,0.3922467588701256,18.818611344591325,0.5374290007895877,9.970454140240953,0.594419398385166,14.200160464583176,0.5890069025241335,10.505336084154761,0.5861414635388809,14.183286212781136,0.0,0.0006367642189450092,0
I19JC065537,0.7079737481267119,0.6511291406128883,0.6769675985737171,0.6769675985737171,0.6614645237972198,0.6717999069815515,0.6356260658363909,1.5606428608340654,2.6251873288202163,6.475117564983722,10.960673866983619,7.730866621880006,4.997157769624309,3.3486641517234252,3.2091364787349494,4.056637899850137,1.7156736085990392,4.99715776962431,7.911735827605808,7.012557490568963,7.71536354710351,11.859852204020465,6.289080667665754,2.8525657588755107,0
I19JC065564I,6.321553011448482,0.7186411149825784,0.3173220507715282,0.2768790443006471,0.8835241413638627,1.94437531110005,2.641239422598308,4.165629666500747,4.2496266799402695,3.3007715281234447,4.162518666002987,5.47536087605774,11.946241911398706,4.710054753608761,3.9291936286709808,3.5309855649576907,4.221627675460429,3.9634146341463414,4.215405674464908,6.716650074664011,12.546665007466402,4.237182677949228,2.995893479342957,2.5292434046789447,0
I19JE047347N,2.245789145352465,1.9338739862757335,1.871490954460387,1.809107922645041,1.6843418590143484,1.99625701809108,2.058640049906426,5.427323767935124,8.858390517779165,5.926388022457893,5.489706799750469,5.489706799750469,5.864004990642547,5.427323767935123,5.614472863381162,7.111665626949472,6.550218340611355,4.803493449781661,3.555832813474736,3.555832813474736,3.867747972551467,3.680598877105428,3.181534622582659,1.99625701809108,0
I19MF924543A,0.0,0.0,0.0,0.0,0.0,0.0,0.0,5.569930546098324,6.7411139861092195,11.384992509873348,8.320849788914613,15.633937082936129,9.396704344273457,12.065913114530844,11.670979163829497,6.1010486177311725,6.56407462889827,4.044668391665532,2.0155249897861904,0.47664442326024786,0.013618412093149937,0.0,0.0,0.0,1
I19MF927865,7.516596922883304,7.851681716640971,0.0,0.0,0.0,2.2512034735550452,0.1557436365352547,0.803888871409244,1.595192398452003,5.765660887896045,6.851146839505395,1.3387660069848661,3.089702041972124,2.520215209388667,1.8767894786521095,1.5102413239782275,1.0304250700059778,2.7766416008558035,4.352955982758078,7.102853726835101,5.622502595727276,1.92555768807224,9.245508605229212,24.81672592266306,0
I20JE060957,2.2340466402858343,1.842176034423143,0.7779784086979905,0.7952668177801681,0.993123055053978,0.9182066156978752,1.874831918245034,5.146183103461522,4.512274770448346,6.861577471282029,4.996350224749317,7.047908102501054,5.47658381036536,5.100080679242382,4.470014214914133,4.085827346421299,4.095432018133619,3.348188558915055,3.7227707556955694,7.818202773829189,10.939721080333472,5.983710476775903,4.460409543201813,2.4991355795458903,0
I20JE060959,1.69990975560344,1.7035932003609773,1.714643534633589,2.863878298985211,1.720168701769895,1.7183269793911264,1.7220104241486636,2.2782105825367878,6.667035011142421,6.6265171188095096,6.94881853509402,10.06869624472807,6.013223566679558,7.112731826804428,7.497651803967069,12.160892867009228,4.132825017956794,4.611672836436635,3.6834447575372486,2.569202718382231,1.4181262316518406,1.4089176197579978,1.4181262316518406,2.2413761349614156,1
I20JE067857,1.171780623338971,0.6825320125634212,0.7308528630103891,0.6946122251751632,0.4681082387050013,0.5043488765402272,1.6368688088910368,6.855520657163567,8.277965692196185,8.01220101473786,5.568978014013047,6.239429813964726,5.381734718531047,5.013288233872917,4.530079729403239,6.07634694370621,4.687122493355884,5.738100990577435,8.344406861560765,6.6139164049287285,5.324353708625272,2.7573085286301042,2.651606668277362,2.0385358782314573,0
I20JE067858,2.825276312695267,0.7004400846575067,0.38129472234353484,0.2603554271508718,0.16377196224006452,0.3191453623139719,2.312124164343065,5.667349749722848,5.681627305405315,6.263647663520007,6.620586555581685,5.305371720361475,4.472234353478685,5.726979541102565,3.9557227802600203,3.6810897974266807,4.638525884368597,5.8638761044109255,6.160345348876273,7.347902039170895,8.008868881647462,6.648301810730005,3.7155239023079245,3.2796385258843688,0
I20JE067859,2.8076511864010856,1.6720124345255742,1.3099377375272903,1.2111084157659724,1.4518925815117294,1.1266542680790277,1.2919687699343234,1.8013890011949363,2.695345138945042,3.839069926237388,4.649470364680197,5.348463204046612,4.878574701490526,4.91990332695435,4.822870901952329,3.9181333836464423,4.100518404715057,3.7222716368831033,4.432944305184946,9.463356782836042,12.191944511828073,10.131802377294413,4.436538098703538,3.7761785396620042,0
I20MF944347P,6.914153132250579,2.3665893271461718,2.0417633410672855,2.273781902552204,2.2273781902552203,2.4129930394431556,2.4129930394431556,3.3874709976798147,4.593967517401392,6.078886310904872,6.914153132250579,5.104408352668214,6.0324825986078885,6.078886310904872,5.429234338747099,6.450116009280743,5.382830626450116,4.547563805104408,4.547563805104408,3.34106728538283,2.830626450116009,3.0162412993039442,2.784222737819025,2.830626450116009,0
I20MF945857,0.0,0.0,0.0,0.0,0.0,0.0,0.0,1.2188208616780043,2.1258503401360542,2.9195011337868477,7.284580498866211,10.799319727891154,20.011337868480723,14.880952380952378,14.143990929705213,15.9297052154195,4.280045351473922,3.0895691609977316,3.0612244897959178,0.2551020408163265,0.0,0.0,0.0,0.0,1
I21JC029093K,5.9071729957805905,1.0126582278481013,0.33755274261603374,0.33755274261603374,0.25316455696202533,0.08438818565400844,0.33755274261603374,0.5063291139240507,0.5063291139240507,3.1223628691983127,0.25316455696202533,2.0253164556962027,1.1814345991561181,1.0970464135021099,2.70042194092827,1.6033755274261603,0.33755274261603374,0.25316455696202533,2.278481012658228,4.556962025316456,6.329113924050632,20.928270042194093,5.9915611814346,38.05907172995781,0
I21JC029107Z,0.726812476627897,0.7272919043829286,0.7272919043829288,0.7272919043829288,0.7272919043829288,1.4919791736583219,7.355860045449752,1.7503907336203512,5.7929255640467545,6.647265823513056,6.8860208455187895,7.480990689512998,12.447862231640315,10.914172843294248,5.449655291444134,1.5586196316077132,4.938105876825422,1.1093958251431093,0.726812476627897,4.303343529163591,12.724012618538513,3.3387348860400228,0.7234564823426759,0.724415337852739,0
I21JC029118C,3.6099493726612373,3.213735417125248,3.2357473035439144,4.116222760290557,3.3678186220559105,3.433854281311909,3.4778780541492407,3.7200088047545674,3.830068236847898,3.808056350429232,3.8520801232665645,3.87409200968523,3.9841514417785606,13.60334580673564,4.028175214615893,3.8961038961038965,4.072198987453225,3.830068236847898,3.8961038961038965,3.8961038961038965,3.9181157825225625,3.808056350429232,3.9181157825225625,3.6099493726612377,0
I21JC029120W,1.077996195307546,0.0,0.0,0.0,0.0,0.0,0.0,0.0,1.690974424011837,2.3673641936165715,5.2631578947368425,7.366307334601564,5.60135277953921,5.020080321285141,7.14436694145001,8.433734939759036,8.0426971042063,4.618473895582329,9.141830479813994,4.502219403931516,10.579158740224056,8.021559923906151,6.4468399915451275,4.681885436482773,0
I21JC029122Y,0.0,0.0,0.0,0.0,0.0,0.0,0.002413185646371776,0.8639204614010958,2.5652163420931977,7.480875503752506,12.087646902676227,14.073698689640196,15.128260817104664,18.970052366128527,7.994884046429694,8.948092376746546,7.077873500808418,3.277106107772872,1.5203069572142187,0.002413185646371776,0.004826371292743552,0.0,0.0,0.002413185646371776,1
I21JC029129F,3.036224004349599,1.4866793529971456,0.7136060894386299,0.287141497893163,0.2344705722441212,0.3041321190702732,0.6915182819083866,4.04886502650537,6.32221014000272,7.188731820035341,7.261791491096916,6.1268179964659515,5.5984096778578225,5.9229305423406275,5.510058447736849,4.62994427076254,4.279937474514068,3.9792034796792177,4.893298899007748,4.2221693625118935,5.719043088215306,5.844773684925921,6.801345657197228,4.896697023243171,0
I21JC029134C,0.22116380924186088,0.20374933607321044,0.20549078339007548,0.20374933607321044,0.20723223070694052,0.20462005973164296,0.2002664414394803,0.3648332128832272,2.1289193448675197,5.006661035987008,8.924046775274931,15.013017318693567,8.608844810922358,10.91887467674384,13.55542591447752,13.234999608174352,6.355411982898987,4.182956455109841,4.706261373827788,0.7479516225935374,1.393157853492037,1.9843792175677204,1.1867963464435292,0.24119045338580897,1
I21JC029136E,0.14507675028079373,0.08891800823661551,0.05381879445900412,0.03977910894795957,0.014039685511044555,0.007019842755522278,0.007019842755522278,0.0,0.002339947585174092,0.0,0.0,2.4709846499438415,0.16847622613253463,0.014039685511044555,4.937289404717334,0.0959378509921378,2.194870834893299,3.1074503931111948,0.11933732684387872,27.84771621115687,12.923530512916512,43.43644702358667,2.1433919880194683,0.1825159116435792,0
I21JC029148I,4.467768124675673,0.4971626575603877,0.21928723279599593,0.19083011098277508,0.2042216977184084,0.21259143942817926,0.21928723279599593,0.3983997053850918,0.6126650931552253,0.7348633221178795,1.4529871608162173,3.2106329198680936,6.796230268333919,5.992735064195919,6.304089455799394,2.1560454644369678,4.292003548770485,5.974321632434424,3.7580140276871057,11.797987914092973,10.878990274360135,8.152128425316796,10.647985403170459,10.828771824101509,0
I21JC029165J,9.383072481385806,6.7147849870840295,3.223674213645343,2.5132958516942714,2.526971584865522,5.87372739705212,7.57939522868865,2.5360887403130223,2.5307703996353137,2.059717368181128,2.7571797599149064,3.185686065947424,3.222914450691384,2.592311198905941,3.294332168363471,2.4988603555690623,2.438079319252393,1.8598997112900775,2.7131135085853213,2.414526667679684,2.403130223370308,5.162589272147089,6.524844248594437,13.99103479714329,0
I21JC029166K,0.2896473468900235,0.26277285078682544,0.22694018931589469,0.20006569321269663,0.20006569321269663,0.21798202394816202,0.24784257517393762,0.3374242288512645,0.3672847800770401,40.49090746215174,49.23407686105884,0.3822150556899279,0.3732568903221952,0.37922900056735037,3.3503538475320243,0.35832661470930743,0.3463823942189972,0.3523545044641523,0.45985248887694447,0.40013138642539325,0.40610349667054846,0.3911732210576606,0.3822150556899279,0.34339633909641964,1
I21JC029323F,6.366774733403939,2.6574715617395235,1.3032686819361463,0.7947351825950568,0.7551196953649879,0.8925611816733905,1.030002667981793,2.739936453524565,5.048953423505727,4.951127424427393,4.006823565555546,5.16860836452716,5.351324693384212,4.919596730509584,5.365877321346278,4.485443329641277,4.245324968267186,3.9009127731649538,4.533143610183605,6.588298070159835,6.829224910865152,8.413035920736684,5.488766179692615,4.16366855581337,0
I21JC029325H,1.5533523579771118,1.5474684475302287,1.2797505221970522,1.1561884028125091,1.3562413580065311,1.8916772086728841,1.7710570445117826,3.177311641316819,4.980730193286458,3.965755641199141,3.836309611367715,4.145214909829073,8.363978700244182,6.810626342267071,5.966285193139361,4.76890941719867,5.88685240210644,3.4156100144155808,3.7039216263128476,5.751522461828131,9.355417610543967,8.528728192756907,4.804212879879969,1.9828778205995705,0
I21JC029328K,3.959167131060338,3.6450681392167796,4.817873245858453,3.9059729469577995,3.6273367445159335,3.6146714625867578,5.088910279142814,3.974365469375349,4.037691879021228,4.111150514210447,3.7945184659810534,4.065555499265415,4.724150159582552,3.8477126500835914,5.965347788641776,4.207406656872183,4.184609149399666,4.182076093013832,4.17700998024216,4.197274431328842,4.220071938801358,4.2124727696438535,3.579208673185066,3.860377932012767,0
I21JC029332G,0.6373991099042015,9.183827411933319,0.3997887908274873,0.5732820396771516,0.603454778607528,3.379346760202157,3.4396922380629102,2.545824847250509,1.1427924869880062,1.5652108320132758,0.3658444595308139,0.3922456060948933,0.3243569435015463,23.33107037791355,2.319529305272686,2.0517462472655956,2.0743758014633777,7.920343969223806,4.084634532699705,5.517839631892585,4.035603831937844,20.664554574941537,2.3044429358074976,1.1427924869880062,0
I21JC029333H,0.9050350541746336,8.561716592309327,1.2024644147015087,0.616103675377098,0.8115572551519016,2.0820055236881245,4.223496919481624,3.8708306777140433,5.910346292755472,4.440195453579776,2.766093052899937,3.3736987465476957,2.264712130868919,13.035903972806462,5.107287019332909,4.248990864669642,4.219247928616953,4.780114722753346,3.5054174633524537,3.5818992989165075,3.947312513278097,9.972381559379649,5.047801147227534,1.5253877204164012,0
I21JC029335J,3.375488190440766,4.89120327320067,7.662265203645156,0.9298865538404316,1.097266133531709,2.0829458806025665,1.9434628975265018,3.347591593825553,7.3182071787241965,3.784638274130556,3.72884508090013,0.8926910916868142,1.4413241584526688,2.7524641993676773,8.75023247163846,1.710991259066394,1.8876697042960757,3.487074576901618,7.485586758415473,5.914078482425145,4.323972475358006,2.064348149525758,17.06341826297192,2.064348149525758,0
I21JC029336K,0.9608563874379312,0.2772941252337654,14.219384793964018,0.6964596633778294,1.122073902108725,2.637518540014187,10.866060488811504,4.339975494937771,6.98394273553879,4.423808602566583,3.6048236280389503,2.2312504030437865,2.373121815954085,2.656864641774683,6.758238214999677,2.5536854323853744,5.0557812600760945,6.119816856903334,9.099116528019605,4.907461146578965,4.804281937189656,1.6508673502289288,1.392919326755659,0.26439672406010195,0
I21JC029361L,2.2277102968600375,3.044201401139055,0.861851721183408,0.8719318582732724,0.8769719268182047,1.3305780958621036,2.217630159770173,6.975454866186179,5.166070258555517,5.040068544932211,4.944307242578499,3.4121264049191065,7.832266518824656,5.503754851065975,3.9967743561312434,3.175243183307293,3.9413336021369894,3.628849352351192,5.6700771130487375,7.298019253061841,7.877627135729045,6.995615140365909,4.415100045360617,2.696436671538733,0
I21JC029405G,0.1996445353395175,0.18016701969663773,0.18016701969663773,0.17286295133055785,0.18016701969663773,0.17773233024127774,0.20207922479487747,0.20938329316095736,0.23373018771455706,0.24346894553599693,0.24103425608063694,0.2459036349913569,0.25077301390207685,0.22642611934847712,0.22155674043775722,0.6281498794828722,1.4778564994035013,0.21668736152703727,0.21425267207167728,0.2045139142502374,0.20938329316095736,19.93767194994279,26.197258539673268,47.749129598519716,0
I21JC029465S,3.064669870848213,1.8657868592755686,2.0651531831485106,1.6164111376634533,1.5147141744757402,1.7949681819402301,3.448299009209785,3.8393120854925757,5.173119780898423,6.379051096850414,5.048599736863303,5.389939048948795,5.572188062186183,4.987178798700427,4.232674596568483,3.8426684209113118,3.9634964959858223,4.206159546760465,5.377520607899471,6.353878581209892,6.4364444325108074,5.29629729076605,5.060011277287007,3.4714577235990656,0
I21JC029553R,7.180969904060983,0.9436193980812198,0.9830463924300172,1.001445656459456,4.3553686423971625,1.1854382967538444,1.1985806282034435,1.2564068865816798,2.412932054146406,2.6442370876593513,7.869628072019977,8.747535812853203,9.58075962675779,6.849783151531081,1.8083848074648443,4.473649625443555,3.353922985937706,5.546063871730847,7.893284268629257,2.2289394138520175,1.5245104481535026,5.341043501117099,7.123143645682744,4.497305822052832,0
I21JC029600H,2.2682890190776623,2.178158329577888,2.1481147664112963,2.8090731560763107,2.2532672374943665,2.283310800660958,2.298332582244254,2.0279405137449302,2.057984076911522,39.17680636923539,2.0279405137449302,2.0129187321616344,2.042962295328226,2.0730058584948177,2.794051374493015,8.57743728406189,6.489409643983776,2.0279405137449302,1.9227880426618598,2.373441490160733,1.8026137899954935,1.8627009163286765,1.9828751689950428,2.5086375244103953,0
I21JC029635S,4.3188010899182565,4.305177111716621,4.291553133514986,4.291553133514986,4.277929155313351,4.2506811989100814,4.2506811989100814,4.277929155313351,4.291553133514986,4.346049046321525,4.373297002724795,4.346049046321525,4.400544959128065,4.44141689373297,4.38692098092643,3.746594005449591,3.337874659400544,3.337874659400544,3.514986376021798,3.91008174386921,4.346049046321525,4.3188010899182565,4.346049046321525,4.291553133514986,0
I21JC029765B,4.352516493091573,4.122235591884155,4.120160989170573,4.118086386456994,4.1263847973113155,4.107713372889092,4.111862578316253,4.10148956474835,4.103564167461931,4.118086386456994,4.149205427160699,4.169951454296502,4.186548276005145,4.174100659723663,4.198995892286627,4.194846686859467,4.2114435085681095,4.219741919422431,4.21351811128169,4.194846686859465,4.186548276005145,4.169951454296502,4.174100659723663,4.174100659723663,0
I21JC037657V,0.607868520290426,1.0975403838577138,0.18573760342207465,0.20825125232172004,0.3151910845950357,1.7616930263972534,4.07497045083582,6.376991050824563,1.91366015646986,4.491472955479258,2.5159002645353747,3.782293015140429,7.57021444250577,9.022344796532899,8.138684077221816,4.1087409241852875,6.084313615129172,7.041143693364102,6.894804975516407,11.780266786739462,6.737209433218889,3.8554623740642766,1.1031687960826253,0.3320763212697698,0
I21JC037658W,1.0088657902782026,1.2473249770712325,1.2228676245796397,0.4218893304799756,0.2873738917762153,0.2873738917762153,1.173952919596454,3.760317945582391,4.95261387954754,3.845918679302966,6.420055029043108,5.661877101803731,5.062671965759709,8.407214918985021,12.626108223784776,3.2528278813818408,7.117089575053501,9.452766738000614,5.771935188015898,7.765209416080711,4.34118006725772,3.0877407520635898,1.7303576887801895,1.0944665239987774,0
I21JC037659X,4.779163857046527,4.6190155091031695,3.632838840188806,0.24443695212407282,0.2865812542144302,0.3034389750505732,2.6382333108563722,4.231287929871881,4.517869184086312,3.7255563047875926,5.841200269723534,5.807484828051248,6.473364801078894,2.874241402562373,3.186109238031018,2.705664194200944,7.383681726230614,2.4527983816587993,4.627444369521241,4.28186109238031,3.8098449089683073,6.330074173971678,10.552933243425489,4.694875252865812,0
I21JC037660Q,1.6018176654359557,0.4203351320647543,0.34081226924169267,0.1647259301334848,2.6412950866231184,0.69866515194547,8.440783868219254,3.86253905140585,4.1011076398750355,2.919625106503834,4.850894632206759,3.7262141437091736,2.6980971314967337,3.413802896904288,2.220959954558364,2.72081794944618,4.74297074694689,5.623402442487929,9.946038057370066,6.32774779892076,9.696109059926156,11.854586765123543,5.595001420051122,1.3916500994035785,0
I21JC037663T,2.944214071817441,2.2700497708671756,1.8429233507886011,1.4282526221825484,1.2585438258694333,1.222733712885932,1.691898091684269,3.3365683532018915,4.589403320479752,5.131744886679157,5.593124458307169,6.056579978513932,5.219972701276189,5.861440812111084,5.494516900816366,4.399973012668476,4.77468173113352,4.89352978726717,5.574440921098384,6.630579760539332,6.3622634067354165,5.52306119377423,4.391669218353461,3.507834110949072,0
I21JC043488L,1.4511736927372376,0.6307952156078729,0.8548481610423632,0.19647719830409158,0.18958326152149185,0.1723484195649926,1.2236737789114476,1.5339009341284342,2.767915618213781,3.8606045982558346,6.828444383165007,4.622384612733101,4.505187687428906,5.325566164558271,9.08276171107511,4.18806659542932,5.294543449036572,6.50787632277412,11.505980490158905,7.500603219468478,8.641549756988729,5.125641997862879,4.732687601254697,3.25738512977836,0
I21JC043489M,1.1059000636905796,0.9321984830061953,0.8221874819060853,0.9843089572115107,0.8221874819060855,0.7179665334954548,1.8528168606334317,4.238318568698975,7.451797811360084,6.270627062706271,7.567598865149671,10.369984366857738,5.737942215274159,7.9439522899658375,3.584042614787794,6.05060506050605,4.018296566498755,1.98019801980198,3.115048346939957,8.8008800880088,8.540327716982224,2.952926871634532,3.3119101383822596,0.8279775345955649,0
I21JC043490F,1.7926703235551318,1.2163129024564752,0.6558549964226091,0.43326178551554184,1.5899515064790526,2.9135861356228636,3.462119405358137,5.044121154304794,5.266714365211862,7.754988472851579,8.061054137848798,8.867954527386916,4.47968836950473,5.533031242547103,4.499562763335718,6.324032117020431,5.5807297877414745,5.0242467604738055,3.680737737499007,3.4541696478257418,5.890770331504889,2.853962954129899,2.6234199856904366,2.9970585897130144,0
I21JC043496L,0.19722438344762697,0.18093980132809814,0.14475184106247851,0.15018003510232145,0.15741762715544536,0.15922702516872636,0.17913040331481717,0.2551251198726184,0.6929994390866159,1.165252320552952,2.6724808656160093,15.777950675810153,24.533627662076828,16.326198273834294,8.102484303472233,2.109758083485624,1.8672987497059728,2.8371360848245786,1.9306276801708069,6.9318037888794395,5.136880959704706,5.587421065011671,2.620008323230861,0.28407548808511407,1
I21JE030622,2.067577553812047,1.671357368594834,0.8506155563591766,0.5204320686781655,0.38678637128347043,0.4999921384883885,2.0549991352337225,5.463750569959592,4.160311944780743,4.286096130563985,4.622568827534159,7.279759752205154,6.427571893523687,5.438593732802943,5.116271756733385,5.111554849766513,5.166585431046681,5.290797314507633,6.172858917312621,7.023474473671798,5.938585871291332,6.2546186380717295,4.622568827534159,3.572270876244084,0
I21LA148189,0.0,0.0,0.0,0.0,0.0,0.0,0.0,4.999999999999999,3.3333333333333326,2.2222222222222214,13.888888888888888,7.222222222222221,8.33333333333333,2.777777777777777,8.888888888888886,4.999999999999999,9.444444444444443,9.444444444444443,8.33333333333333,9.444444444444443,3.3333333333333326,2.2222222222222214,1.1111111111111107,0.0,1
I21LA152238,0.0,0.0,0.0,0.0,0.0,0.0,0.0,0.0,4.142011834319527,4.142011834319527,9.467455621301776,0.0,7.692307692307694,4.142011834319527,30.769230769230777,12.42603550295858,15.976331360946746,0.0,0.0,0.0,0.0,0.0,0.0,11.242603550295858,1
I21LA152381,0.08394383394383395,0.022893772893772896,0.015262515262515262,0.015262515262515262,0.03815628815628816,0.022893772893772896,0.04578754578754579,4.181929181929182,3.647741147741148,5.761599511599512,5.654761904761905,10.264041514041516,11.713980463980466,13.232600732600734,13.782051282051283,6.997863247863248,8.020451770451771,6.585775335775336,4.906898656898657,4.3879731379731375,0.17551892551892553,0.17551892551892553,0.16025641025641027,0.10683760683760685,1
I21LA173758,0.0,0.0,0.0,0.0,0.0,0.0,0.0,0.0,0.0,0.0,0.0,0.0,0.0,11.688311688311689,3.0303030303030307,9.956709956709958,32.03463203463205,19.913419913419915,23.376623376623378,0.0,0.0,0.0,0.0,0.0,1
I21LA173785,1.0928961748633876,1.0928961748633876,1.0928961748633876,1.6393442622950818,0.0,0.0,0.5464480874316938,1.0928961748633876,1.0928961748633876,2.1857923497267753,2.1857923497267753,1.6393442622950818,3.825136612021857,0.5464480874316938,2.1857923497267753,3.825136612021857,57.92349726775955,4.3715846994535505,3.825136612021857,3.825136612021857,0.5464480874316938,1.6393442622950818,2.732240437158469,1.0928961748633876,1
I21LA173999,0.0,0.0,0.0,0.0,0.0,0.0,0.0,0.0,0.0,0.0,0.0,0.0,0.0,0.0,0.0,1.4970059880239521,0.5988023952095808,2.095808383233533,25.748502994011975,35.029940119760475,0.0,0.0,0.0,35.029940119760475,0
I21LA183439,3.915044247787611,3.6176991150442475,3.603539823008849,3.5752212389380533,3.596460176991151,3.5681415929203544,3.561061946902655,3.5752212389380533,3.5681415929203544,4.368141592920354,4.460176991150442,5.890265486725664,6.180530973451328,4.028318584070796,4.792920353982301,4.615929203539823,4.410619469026549,4.9274336283185844,3.7309734513274337,3.971681415929204,4.3469026548672565,3.915044247787611,4.063716814159292,3.7168141592920354,0
I21LA184421,0.0,0.0,0.0,0.0,0.0,0.0,0.0,1.8567639257294428,2.6525198938992043,7.6923076923076925,8.222811671087534,13.527851458885939,3.7135278514588856,4.244031830238726,0.2652519893899204,12.20159151193634,12.46684350132626,11.671087533156497,9.283819628647215,9.283819628647215,2.387267904509284,0.2652519893899204,0.0,0.2652519893899204,1
I21LA186120,3.2124663997443554,3.047049756574372,3.024492941596647,3.0226132070151692,3.024492941596647,3.0113347995263067,3.062087633226189,3.156074362300043,3.4587116299178557,9.889283633150999,5.079042839151112,6.892986710276509,4.761367694881483,4.845955751047952,6.909904321509802,4.776405571533299,6.355382619974059,4.047068553920187,3.227504276396173,2.9643414349893793,2.872234440497002,2.8402789526118912,2.851557360100754,3.667362168461813,0
I21LA186299,0.0,0.0,0.0,0.0,0.0,0.0,0.0,0.0,1.9691895512391162,9.40388479571333,10.743469524447422,14.22638981915606,0.6162089752176826,4.835900870730074,9.738780977896855,11.868720696584061,9.578030810448762,0.09377093101138648,0.0,0.0,0.0,26.925653047555258,0.0,0.0,1
I21LA186317,0.0,0.0,0.0,0.0,0.0,0.0,0.0,0.0,0.0,3.518029903254178,14.204045734388743,17.326297273526826,3.078276165347406,1.759014951627089,3.2981530343007917,3.034300791556728,13.10466138962181,10.729991204925241,14.907651715039579,14.687774846086194,0.3518029903254178,0.0,0.0,0.0,1
I21LA327835,0.0,0.45871559633027525,0.0,0.0,0.0,5.045871559633027,7.601572739187418,7.601572739187418,6.7496723460026224,8.387942332896461,5.373525557011796,10.681520314547837,4.980340760157274,9.370904325032766,9.501965923984272,1.7038007863695939,1.7693315858453473,7.142857142857144,1.4416775884665791,0.0,0.0,12.18872870249017,0.0,0.0,0
I22JC014373Z,0.4387797743418304,20.037609694943587,0.22983702465524447,0.25073129962390306,0.48056832427914753,0.0,0.0,0.0,0.0,42.95862933556206,0.8357709987463435,1.587964897618053,0.7521938988717092,0.0,0.0,0.0,0.0,7.292101964061848,0.6059339740910991,3.092352695361471,0.5850396991224406,19.55704137066444,0.6477225240284162,0.6477225240284162,0
I22JC094273K,2.1455430214554303,4.788026247880262,0.858217208582172,0.32441200324412006,0.20349480203494802,0.30524220305242206,0.45270220452702203,2.1632382216323824,4.730516847305169,3.906215439062154,3.7602300376023003,4.127405441274055,4.8012976480129765,7.030892870308929,5.736194057361941,4.969402049694021,2.8843176288431764,9.70729189707292,5.097692250976923,4.426749244267493,4.7924500479245005,11.14797611147976,7.990857479908573,3.649635036496351,0
I22JC094276N,21.30434782608696,0.26360835330366317,0.39027730229373514,0.5203697363916469,0.5306401917151662,0.7668606641561111,2.4340979116740846,3.8993495378295115,12.940773707634376,4.22800410818213,2.6258130777131123,3.029784320438207,3.4679904142416986,2.8688805203697374,1.8692228688805208,1.6775077028414929,9.195480999657653,1.1708319068812054,2.1465251626155433,2.913385826771654,15.059910989387198,3.214652516261555,1.7528243752139683,1.7288599794590898,0
I22JC094278P,2.417308563661078,0.7816039873130947,0.5482555505210693,0.5210693248753965,0.5188038060715905,0.6162211146352515,2.023108291798822,7.032170367014047,4.680561848663343,6.350249207068419,6.551880380607159,6.531490711372904,7.609877661984594,5.763479836882646,3.2215677390122335,2.680108744902583,4.166289080199365,4.728137743543272,7.521522428636157,8.874037154508382,5.856366107838695,5.579972813774354,3.6678749433620297,1.7580425917535119,0
I22JC094280J,1.3640056441612862,0.7397271988711678,19.344080044469152,0.37627741907897544,0.7183478000598622,0.6713131226749903,0.9920041048445717,2.394492666866208,1.61628255013469,0.8637277119767393,5.12250395518878,0.9620729465087442,0.9920041048445717,1.9241458930174884,12.93026040107752,2.8306324026168386,4.669260700389105,5.875058793346731,8.538931885235385,8.44058665070338,4.027878736049942,3.356565613374952,9.034933937657673,2.2149057168512423,0
I22JC094282L,4.402299640394879,0.9184818708628233,1.0467486657962848,0.7375340708674042,2.3798071417119036,0.8932866075723219,2.336288050573765,4.219061361918505,5.595638928972262,5.490276918848348,4.997824045443093,3.0073982454934836,13.282484711056142,4.704642799880895,4.677157058109438,4.129732701161273,2.922650541698161,2.5218168075310934,3.772418058132344,3.980851599899219,13.122151217389314,5.955244050482146,2.5882406834787783,2.3179642227261277,0
I22JC094285O,0.27387028507406946,5.004357027262542,0.24067388688327318,0.16598199095398147,0.18672973982322918,1.0207892443669861,0.11618739366778703,1.103780239843977,2.3776920204157848,22.59844806838458,4.062409228598697,5.91725797750944,3.850782190132371,8.805344620108718,6.0126976223079796,5.070749823644134,2.2117100294618037,5.713930038590813,2.369392920868086,7.35300219926138,10.058508651811279,3.527117307772107,1.3610523258226483,0.5975351674343333,0
I22JC094286P,8.107748291470665,1.3912310286677907,1.0805893316765776,0.6323777403035411,3.0465074997781127,0.7943551965918166,2.7380846720511225,3.9961835448655356,6.8274607260140225,3.237330256501287,3.321647288541759,3.4858436140942577,5.336380580456199,4.94585958995296,5.307535280021301,2.860122481583385,5.5338599449720425,4.64631223928286,5.0878672228632285,6.057513091328659,6.241679240259164,6.263867932901393,5.183278601224815,3.876364604597497,0
I22JC094287Q,2.6907630522088355,2.3407917383820998,2.323580034423408,2.3293172690763053,2.3407917383820998,2.3407917383820998,2.3407917383820998,2.604704532415376,4.394721744119335,6.161790017211705,8.393574297188755,6.821572002294894,5.438898450946644,6.33964429145152,4.354561101549054,7.842799770510614,6.184738955823294,5.4561101549053355,6.563396442914515,3.4710269650028684,2.2948938611589216,2.323580034423408,2.3121055651176134,2.3350545037292028,0
I22LA224628,0.0,0.0,0.0,0.0,0.0,0.0,0.0,0.08655510675129832,1.5002885170225042,4.284477784189267,4.053664166185805,6.982111944604731,7.241777264858626,11.872475476053086,11.684939411425274,16.055972302365838,11.410848240046162,5.71263704558569,7.6168493941142525,5.30871321407963,6.030005770340449,0.15868436237738023,0.0,0.0,1
I22LA303495,0.0,0.0,0.0,0.0,0.0,0.0,0.0,0.21008403361344533,2.1008403361344534,1.0504201680672267,14.915966386554619,3.781512605042016,0.8403361344537813,0.42016806722689065,1.0504201680672267,40.546218487394945,2.731092436974789,4.621848739495797,1.4705882352941173,5.252100840336134,5.462184873949578,1.4705882352941173,3.361344537815125,10.714285714285712,1
I23JC095866,2.5659050966608086,1.2888107791446983,1.195079086115993,0.8260105448154658,1.195079086115993,1.3181019332161688,2.249560632688928,3.9601640304627996,4.135910954891623,4.130052724077329,5.588752196836555,4.499121265377856,6.6783831282952555,6.824838898652608,4.042179261862917,3.731693028705331,4.920913884007031,5.1786760398359695,6.848271821909783,8.265963678968951,8.558875219683655,5.799648506151142,3.7961335676625656,2.4018746338605736,0
I23JC095867,4.66490704613266,0.820518705531329,0.2639430801009869,0.13770943309616707,0.09180628873077805,0.051641037411062664,0.17213679137020885,2.7599265549690153,3.976359880651824,3.6206105118200598,5.496901537755336,5.634610970851503,4.762451227909112,4.848519623594216,3.471425292632545,2.9607528115675925,5.766582510901997,4.7854028000918065,6.013311911865963,12.106954326371355,10.827404177186137,6.965802157447784,5.393619462933211,4.406701859077346,0
I23JC095869,1.4983891556744267,3.613762081332441,0.7203209531335478,0.7689502157923528,1.127591027901039,1.2704394869612785,3.8508297367941147,5.072639961096589,3.8173971187161864,7.449395173545679,5.13038721050392,5.2185277490730035,6.385630052884321,6.230624278159381,4.6896845176585,2.9785423378518012,3.4921889246854283,4.689684517658501,4.24898182481308,5.498146009361132,7.0330071120296624,9.391526350981701,3.112272810163515,2.7110813932283744,0
I23JC095870,2.1720483661215795,1.6020586038017763,1.1731828117650314,0.9296920395119118,0.8439168811045626,1.175949752358817,1.3641017127362276,4.438172712431864,4.772972524279904,6.090036246921779,4.2251182867103845,3.6772640491408652,4.2500207520544535,4.153177831271964,11.867408206745804,4.479676821338646,5.290390415317783,4.0618687916770435,5.6943637420104585,5.965523920201434,7.791704712099831,6.577017791428018,4.623557732215489,2.780775296754379,0
I23JC095961O,5.825331697756721,0.06344909267797469,0.07613891121356962,0.08600877007458792,0.08530378015594375,0.08741874991187625,0.0979935986915387,0.08177883056272295,0.15791774177629256,0.7959336181492603,3.0441464687054967,8.257546917079086,6.879996616048389,5.957164812543179,5.923325296448261,10.330217277892926,10.752506239160777,7.851472723940047,5.716058260366876,5.6342794298041525,5.539810780705835,5.539810780705834,5.5637804379397355,5.652609167688901,0
I23JC096059X,1.4707435014886925,0.9111641362417384,0.5785839474628884,0.1868783917900205,0.5173469603226556,0.28823616360833676,2.6099626243216423,4.7258061110289935,4.669848174504298,4.0912642270414095,4.284477479570074,4.501974364930212,4.7838756677999035,4.866228857402286,5.418417551787487,3.929725278205968,4.905293831957262,6.470004434402518,8.56473171864772,8.508773782123024,8.56473171864772,6.689612940008869,5.719323436873113,2.7429946998331824,0
I23JC096060Q,1.843462941990688,0.5756889392223481,0.7738769346923368,0.29256323140807855,0.3523342141688688,0.28627154901220586,0.5505222096388573,2.9099031080911035,5.574430602743174,4.020385050962628,4.3475525355480045,5.099408581854788,7.254309802441172,6.886246382282622,7.502831257078142,4.514282119038631,5.247263118157795,3.9071347678369195,6.213036365924248,9.777274443186107,7.584623128224487,6.2256197307159935,4.668428337737511,3.592550648043287,0
I23JC096061R,3.406993801164056,1.107272985378318,0.9463871669900155,0.5962239152037098,0.3596271234562059,0.3123077651067051,1.0741494345336677,1.6088581838830263,2.9527279610088484,5.190933610940235,4.987460370037382,7.277717314153219,5.195665546775185,7.821889935172479,4.88335778166848,3.6199309137368094,3.582075427057209,2.7113992334263943,5.082099086736384,8.176785122793733,9.22727487815265,8.683102257133392,5.943311408697297,5.252448776794586,0
I23JC096062S,0.9824957651044609,0.7453416149068325,0.11293054771315643,2.1569734613212876,1.1857707509881423,0.6437041219649916,1.4455110107284022,4.607566346696783,3.692828910220215,6.741953698475438,3.1168831168831175,4.347826086956522,3.195934500282327,3.489553924336534,4.2687747035573125,3.1846414455110104,4.054206662902315,3.9638622247317903,17.425183512140034,9.237718802936195,9.40711462450593,4.3817052512704695,3.5798983625070577,4.0316205533596845,0
I23JC096063T,2.603336346454105,2.9566932369134693,0.6508340866135263,0.5735886268386885,0.49634316706385084,1.4002793984715263,1.8637521571205524,2.97148492070014,2.9517626756512456,4.565699728819132,4.0085463061878555,4.899334374229601,5.9676226477114,5.426904429287535,6.5707946421234285,4.304379981921276,4.278083655189416,5.614265757252034,6.49190566192785,8.36387542115211,7.954638836387542,7.4385734242747965,5.20667269290821,2.4406278248007234,0
I23JE044621,1.994777082087909,1.7650945473995538,1.8878016549727845,1.7713872195827964,1.8531919579649498,1.931850360255483,1.9979234181795302,2.633483308687034,3.690652235471794,4.178334329673096,7.607840669540322,6.802378630085267,9.662398137369035,9.618349432086337,8.114400780291353,6.107038353836957,4.728943145706825,3.517603750432621,2.897775540383224,5.477771135512696,3.703237579838279,3.228140830003462,2.5202152093886676,2.3094106912500396,0
I23LA005984,0.0,15.384615384615385,0.0,0.0,0.0,0.0,0.0,0.0,0.0,3.8461538461538463,0.0,0.0,2.564102564102564,1.9230769230769231,0.0,0.0,0.0,21.153846153846153,17.94871794871795,1.9230769230769231,0.0,35.256410256410255,0.0,0.0,0
I23LA005997,0.0,0.0,0.0,0.0,0.0,0.0,0.0,0.0,16.788321167883215,2.9197080291970807,8.759124087591243,12.408759124087593,12.408759124087593,0.0,0.0,8.02919708029197,5.8394160583941614,16.05839416058394,0.0,16.788321167883215,0.0,0.0,0.0,0.0,1
I23LA009785,2.7859572371188537,2.668173022607358,2.674182421306924,2.675384301046837,2.681393699746403,2.6729805415670107,2.6333185101498744,2.712642572984147,3.6705407256949867,4.594786245688256,6.623559246661779,7.591072437291924,6.549042702787158,8.01413410574138,5.8375298967585305,7.375935963847456,6.129586673557443,4.44695503767893,3.4313666574522554,2.72105573116354,2.939797843827747,3.273920411523623,2.6657692631275314,2.6309147506700477,0
I23LA213007,4.861348853132489,1.5405682985279012,1.5405682985279012,2.7730229373502224,0.6846970215679561,1.4720985963711057,0.9585758301951386,1.4378637452927079,4.758644299897295,5.648750427935637,2.7387880862718244,5.580280725778842,4.382060938034919,4.895583704210886,5.682985279014036,3.1153714481342005,11.297500855871276,3.4919548099965767,4.279356384799725,2.225265320095857,7.49743238616912,5.956864087641218,8.661417322834646,4.519000342348511,0
I23LA465873,0.7874015748031495,1.771653543307087,1.1811023622047243,1.1811023622047243,0.5905511811023622,1.3779527559055118,1.1811023622047243,1.1811023622047243,1.3779527559055118,1.3779527559055118,16.92913385826772,5.708661417322834,6.692913385826772,5.511811023622047,8.858267716535433,16.141732283464567,5.905511811023622,1.968503937007874,10.236220472440944,4.921259842519685,2.559055118110236,0.7874015748031495,0.7874015748031495,0.984251968503937,1
I23LA547069,0.0,0.0,0.0,0.0,0.0,0.0,0.0,0.0,0.8475160201198926,2.2393715978777653,10.521601322951838,8.943705643216427,13.512023702887069,9.942809894577277,15.062357886033212,14.483566457658654,10.04616550678702,5.905050644249983,6.862812650726935,1.6123475504719906,0.0068903741473162,0.0068903741473162,0.0,0.0068903741473162,1
I24LA025413,0.019731649565903703,0.019731649565903703,0.019731649565903703,0.019731649565903703,0.0,0.0,0.019731649565903703,0.0,0.019731649565903703,1.0457774269928963,11.483820047355955,28.472770323599043,15.311760063141275,0.335438042620363,28.196527229676388,0.6511444356748223,10.87213891081294,0.5327545382794,1.4206787687450666,0.7103393843725334,0.8089976322020518,0.019731649565903703,0.0,0.019731649565903703,1
I24LA025880,0.0,0.0,0.0,0.0,0.0,0.0,0.0,0.0,1.0869565217391302,1.9565217391304346,27.60869565217391,6.956521739130434,0.8695652173913042,17.60869565217391,12.173913043478258,0.0,5.434782608695651,0.0,18.260869565217387,3.695652173913043,0.6521739130434782,3.695652173913043,0.0,0.0,1
I24LA026648,0.0,0.0,0.0,0.0,0.0,0.0,0.0,0.0,0.0,0.689655172413793,0.0,0.689655172413793,0.0,1.379310344827586,2.068965517241379,82.06896551724137,0.689655172413793,2.068965517241379,10.344827586206895,0.0,0.0,0.0,0.0,0.0,1
I24LA028096,0.40682469176802694,0.4192785088629665,0.40267341940304713,0.40267341940304713,0.373614512848188,0.3943708746730873,0.3860683299431276,0.3694632404832081,2.117148906139732,2.1669641745194905,3.6033044128025242,5.309477354809249,14.828344887708084,15.351405205695546,10.64386234380838,8.539167254763585,14.151687492216364,5.778571132051974,6.596371787953008,6.060857652870605,0.45663996014778535,0.40682469176802694,0.40682469176802694,0.4275810535929263,1
I24LA028098,1.3626834381551365,0.0,0.0,0.0,0.0,0.0,0.0,0.0,3.52900069881202,8.560447239692524,4.891684136967156,5.730258560447241,3.8434661076170515,8.839972047519218,6.533892382948987,8.560447239692524,7.686932215234103,4.85674353598882,6.009783368273935,5.2760307477288615,9.503843466107618,5.485674353598883,8.874912648497556,0.4542278127183788,0
I24LA028157,0.0,0.0,0.0,0.0,0.0,0.0,0.0,0.0,0.0,0.0,0.0,33.64485981308412,38.31775700934579,0.0,0.0,1.869158878504673,0.0,0.0,0.0,3.738317757009346,0.0,0.0,13.08411214953271,9.345794392523366,1
I24LA028258,0.6631509142009031,0.622098714750371,0.593677961284618,0.5368364543531121,0.552625761834086,0.552625761834086,0.6063094072693971,4.904158903590488,6.3504594688476965,7.8472858180440195,12.094609530425995,10.553573120282945,10.534625951305776,14.352480500205262,7.692550604730476,7.455710992515868,5.425206050462626,2.8641803770486627,2.308396753718382,0.7326238671171882,0.6978873906590456,0.6947295291628509,0.6915716676666561,0.6726244986894874,1
I24LA029109,0.0,0.0,0.0,0.0,0.0,0.0,0.055975370836831795,0.0,0.2518891687657431,9.767702211027148,9.571788413098238,4.6179680940386225,0.9235936188077246,0.5037783375314862,14.66554715924993,1.0075566750629725,5.989364679541001,7.248810523369717,17.576266442765185,26.672264203750352,1.119507416736636,0.0,0.0,0.027987685418415897,0
