CPE,dias_com_dados,horas_ativas,consumo_total_m3,motivo
C15FA534254,19,1,0.006,consumo total muito baixo + menos de 6 horas com consumo
C15SC004730,2,1,2.523,menos de 5 dias com dados + menos de 6 horas com consumo
C16SB066962U,18,0,0.0,consumo total muito baixo + menos de 6 horas com consumo
C16SC003896,19,0,0.0,consumo total muito baixo + menos de 6 horas com consumo
C16SE010257A,19,0,0.0,consumo total muito baixo + menos de 6 horas com consumo
C17SC007379,19,0,0.0,consumo total muito baixo + menos de 6 horas com consumo
C17SC007397,14,0,0.0,consumo total muito baixo + menos de 6 horas com consumo
C17SC007472,19,0,0.0,consumo total muito baixo + menos de 6 horas com consumo
C17SC007473,18,1,0.001,consumo total muito baixo + menos de 6 horas com consumo
C17SC007489,19,0,0.0,consumo total muito baixo + menos de 6 horas com consumo
C17SC007492,18,0,0.0,consumo total muito baixo + menos de 6 horas com consumo
C17SC007493,19,0,0.0,consumo total muito baixo + menos de 6 horas com consumo
C17SC007494,19,0,0.0,consumo total muito baixo + menos de 6 horas com consumo
C18SC002021,19,0,0.0,consumo total muito baixo + menos de 6 horas com consumo
C18SC002022,19,0,0.0,consumo total muito baixo + menos de 6 horas com consumo
C18SC002026,13,0,0.0,consumo total muito baixo + menos de 6 horas com consumo
C18SC002034,19,0,0.0,consumo total muito baixo + menos de 6 horas com consumo
C18SC002074,19,0,0.0,consumo total muito baixo + menos de 6 horas com consumo
C18SC002075,19,0,0.0,consumo total muito baixo + menos de 6 horas com consumo
C18SC002081,14,0,0.0,consumo total muito baixo + menos de 6 horas com consumo
C18SC002082,14,0,0.0,consumo total muito baixo + menos de 6 horas com consumo
C18SC002088,19,0,0.0,consumo total muito baixo + menos de 6 horas com consumo
C18SC002098,19,0,0.0,consumo total muito baixo + menos de 6 horas com consumo
C18SC002104,19,0,0.0,consumo total muito baixo + menos de 6 horas com consumo
C18SC005951,19,0,0.0,consumo total muito baixo + menos de 6 horas com consumo
C18SC005956,19,0,0.0,consumo total muito baixo + menos de 6 horas com consumo
C21FE001327,19,0,0.0,consumo total muito baixo + menos de 6 horas com consumo
C21FE004003I,19,0,0.0,consumo total muito baixo + menos de 6 horas com consumo
C21FE010286W,19,0,0.0,consumo total muito baixo + menos de 6 horas com consumo
C22FC001476U,19,0,0.0,consumo total muito baixo + menos de 6 horas com consumo
C22FC002058K,14,0,0.0,consumo total muito baixo + menos de 6 horas com consumo
C22FE011956,19,0,0.0,consumo total muito baixo + menos de 6 horas com consumo
C22FE011961V,19,0,0.0,consumo total muito baixo + menos de 6 horas com consumo
C22FE011963X,19,0,0.0,consumo total muito baixo + menos de 6 horas com consumo
C23FE003151H,19,0,0.0,consumo total muito baixo + menos de 6 horas com consumo
C23FE003163L,14,0,0.0,consumo total muito baixo + menos de 6 horas com consumo
C23FE003164M,19,0,0.0,consumo total muito baixo + menos de 6 horas com consumo
D01TE042969,19,0,0.0,consumo total muito baixo + menos de 6 horas com consumo
D01WF056237,13,1,0.01,consumo total muito baixo + menos de 6 horas com consumo
D03TD038363,19,0,0.0,consumo total muito baixo + menos de 6 horas com consumo
D05AE129686,19,2,0.009,consumo total muito baixo + menos de 6 horas com consumo
D05AE130852,18,0,0.0,consumo total muito baixo + menos de 6 horas com consumo
D07AC001465N,19,0,0.0,consumo total muito baixo + menos de 6 horas com consumo
D07AC001466O,19,1,0.001,consumo total muito baixo + menos de 6 horas com consumo
D07AC003358T,19,0,0.0,consumo total muito baixo + menos de 6 horas com consumo
D07AC003363O,19,0,0.0,consumo total muito baixo + menos de 6 horas com consumo
D07AC004101A,19,0,0.0,consumo total muito baixo + menos de 6 horas com consumo
D07AC116408J,19,0,0.0,consumo total muito baixo + menos de 6 horas com consumo
D07AE127769C,19,0,0.0,consumo total muito baixo + menos de 6 horas com consumo
D07AE137190M,19,0,0.0,consumo total muito baixo + menos de 6 horas com consumo
D07AE137191N,19,0,0.0,consumo total muito baixo + menos de 6 horas com consumo
D07AE137194,18,0,0.0,consumo total muito baixo + menos de 6 horas com consumo
D09AC220451,19,0,0.0,consumo total muito baixo + menos de 6 horas com consumo
D09AE219774A,13,0,0.0,consumo total muito baixo + menos de 6 horas com consumo
D09JE246112R,13,0,0.0,consumo total muito baixo + menos de 6 horas com consumo
D09OF265615K,19,0,0.0,consumo total muito baixo + menos de 6 horas com consumo
D10JC069091G,19,10,0.02,consumo total muito baixo
D10JE044291W,19,0,0.0,consumo total muito baixo + menos de 6 horas com consumo
D10JE067404J,19,0,0.0,consumo total muito baixo + menos de 6 horas com consumo
D10JE102675,18,0,0.0,consumo total muito baixo + menos de 6 horas com consumo
D11JC109182T,18,0,0.0,consumo total muito baixo + menos de 6 horas com consumo
D11JE117987H,18,0,0.0,consumo total muito baixo + menos de 6 horas com consumo
D12JC097899,18,0,0.0,consumo total muito baixo + menos de 6 horas com consumo
D12JC113924X,19,0,0.0,consumo total muito baixo + menos de 6 horas com consumo
D14XF111533Z,19,0,0.0,consumo total muito baixo + menos de 6 horas com consumo
D16BX009413,19,1,0.03,consumo total muito baixo + menos de 6 horas com consumo
D17BA053783,19,0,0.0,consumo total muito baixo + menos de 6 horas com consumo
D18BX003237,19,0,0.0,consumo total muito baixo + menos de 6 horas com consumo
D18BX003260,19,0,0.0,consumo total muito baixo + menos de 6 horas com consumo
D19BA063983,19,0,0.0,consumo total muito baixo + menos de 6 horas com consumo
D19BA310748,16,0,0.0,consumo total muito baixo + menos de 6 horas com consumo
D19BA341196,3,24,0.516,menos de 5 dias com dados
D19BX000010,19,0,0.0,consumo total muito baixo + menos de 6 horas com consumo
D19BX000034,3,8,3.617,menos de 5 dias com dados
D19BX000038,19,0,0.0,consumo total muito baixo + menos de 6 horas com consumo
D20BA029351,19,0,0.0,consumo total muito baixo + menos de 6 horas com consumo
H21OF823215Y,19,0,0.0,consumo total muito baixo + menos de 6 horas com consumo
H21OF824724S,19,0,0.0,consumo total muito baixo + menos de 6 horas com consumo
H21OF834689L,19,0,0.0,consumo total muito baixo + menos de 6 horas com consumo
H21OF834691F,19,0,0.0,consumo total muito baixo + menos de 6 horas com consumo
H21OF834748,19,0,0.0,consumo total muito baixo + menos de 6 horas com consumo
H21VA421023H,14,1,0.005,consumo total muito baixo + menos de 6 horas com consumo
H21VA421030G,13,2,0.308,menos de 6 horas com consumo
H21VA421042K,14,1,0.005,consumo total muito baixo + menos de 6 horas com consumo
H21VA421061N,8,0,0.0,consumo total muito baixo + menos de 6 horas com consumo
H21VA421068U,14,1,0.006,consumo total muito baixo + menos de 6 horas com consumo
H21VA421091T,13,0,0.0,consumo total muito baixo + menos de 6 horas com consumo
H21VA421092U,14,2,0.054,consumo total muito baixo + menos de 6 horas com consumo
I13JA277278,1,0,0.0,menos de 5 dias com dados + consumo total muito baixo + menos de 6 horas com consumo
I13JA277279,19,0,0.0,consumo total muito baixo + menos de 6 horas com consumo
I13JA277280,19,0,0.0,consumo total muito baixo + menos de 6 horas com consumo
I13JA277295,19,0,0.0,consumo total muito baixo + menos de 6 horas com consumo
I13JC094216,19,0,0.0,consumo total muito baixo + menos de 6 horas com consumo
I13JC114242U,19,0,0.0,consumo total muito baixo + menos de 6 horas com consumo
I13JE090462,19,0,0.0,consumo total muito baixo + menos de 6 horas com consumo
I13JE090464M,19,1,0.001,consumo total muito baixo + menos de 6 horas com consumo
I13JE128947D,19,0,0.0,consumo total muito baixo + menos de 6 horas com consumo
I13JE133572D,19,0,0.0,consumo total muito baixo + menos de 6 horas com consumo
I14JC000553,18,0,0.0,consumo total muito baixo + menos de 6 horas com consumo
I14JC000554,19,0,0.0,consumo total muito baixo + menos de 6 horas com consumo
I14JC000555,19,0,0.0,consumo total muito baixo + menos de 6 horas com consumo
I14JC000558,19,0,0.0,consumo total muito baixo + menos de 6 horas com consumo
I14JC000570,13,0,0.0,consumo total muito baixo + menos de 6 horas com consumo
I14JC000574,19,0,0.0,consumo total muito baixo + menos de 6 horas com consumo
I14JC000600,19,0,0.0,consumo total muito baixo + menos de 6 horas com consumo
I14JC001558X,19,0,0.0,consumo total muito baixo + menos de 6 horas com consumo
I14JC024663T,19,0,0.0,consumo total muito baixo + menos de 6 horas com consumo
I14JC024664U,19,0,0.0,consumo total muito baixo + menos de 6 horas com consumo
I14JC025288,19,0,0.0,consumo total muito baixo + menos de 6 horas com consumo
I14JC032911,18,0,0.0,consumo total muito baixo + menos de 6 horas com consumo
I14JE002614G,19,0,0.0,consumo total muito baixo + menos de 6 horas com consumo
I15JC065279,19,0,0.0,consumo total muito baixo + menos de 6 horas com consumo
I16JC097380,19,0,0.0,consumo total muito baixo + menos de 6 horas com consumo
I16JC098541,18,0,0.0,consumo total muito baixo + menos de 6 horas com consumo
I17JC061030,19,0,0.0,consumo total muito baixo + menos de 6 horas com consumo
I17JC061031,19,0,0.0,consumo total muito baixo + menos de 6 horas com consumo
I17JC061038,19,0,0.0,consumo total muito baixo + menos de 6 horas com consumo
I17JE096910V,13,0,0.0,consumo total muito baixo + menos de 6 horas com consumo
I17JE096912X,19,0,0.0,consumo total muito baixo + menos de 6 horas com consumo
I18JC059402,19,0,0.0,consumo total muito baixo + menos de 6 horas com consumo
I18JC067674,19,0,0.0,consumo total muito baixo + menos de 6 horas com consumo
I18JC067698,19,0,0.0,consumo total muito baixo + menos de 6 horas com consumo
I18JC080663,19,0,0.0,consumo total muito baixo + menos de 6 horas com consumo
I18JE068310,14,0,0.0,consumo total muito baixo + menos de 6 horas com consumo
I18MF914138D,19,0,0.0,consumo total muito baixo + menos de 6 horas com consumo
I18MF914139E,19,0,0.0,consumo total muito baixo + menos de 6 horas com consumo
I19JC019975,18,1,0.001,consumo total muito baixo + menos de 6 horas com consumo
I19JC029813,17,0,0.0,consumo total muito baixo + menos de 6 horas com consumo
I19JC029815,14,0,0.0,consumo total muito baixo + menos de 6 horas com consumo
I19JC029867,19,0,0.0,consumo total muito baixo + menos de 6 horas com consumo
I19JC029868,14,0,0.0,consumo total muito baixo + menos de 6 horas com consumo
I19JC029878,19,0,0.0,consumo total muito baixo + menos de 6 horas com consumo
I19JC029884,19,0,0.0,consumo total muito baixo + menos de 6 horas com consumo
I19JC065475,19,0,0.0,consumo total muito baixo + menos de 6 horas com consumo
I19JC065518,19,2,4.135,menos de 6 horas com consumo
I19JC065519,19,3,17.25,menos de 6 horas com consumo
I19JE047349,14,0,0.0,consumo total muito baixo + menos de 6 horas com consumo
I19JE055638,18,0,0.0,consumo total muito baixo + menos de 6 horas com consumo
I19MF927868E,18,0,0.0,consumo total muito baixo + menos de 6 horas com consumo
I20JE060955,14,0,0.0,consumo total muito baixo + menos de 6 horas com consumo
I20JE060958,19,0,0.0,consumo total muito baixo + menos de 6 horas com consumo
I20MF944348Q,19,0,0.0,consumo total muito baixo + menos de 6 horas com consumo
I20MF945856,19,0,0.0,consumo total muito baixo + menos de 6 horas com consumo
I21JC023968M,19,0,0.0,consumo total muito baixo + menos de 6 horas com consumo
I21JC029084J,19,0,0.0,consumo total muito baixo + menos de 6 horas com consumo
I21JC029094L,14,0,0.0,consumo total muito baixo + menos de 6 horas com consumo
I21JC029147H,19,0,0.0,consumo total muito baixo + menos de 6 horas com consumo
I21JC029153F,19,5,73.95,menos de 6 horas com consumo
I21JC029154G,19,0,0.0,consumo total muito baixo + menos de 6 horas com consumo
I21JC029164I,19,0,0.0,consumo total muito baixo + menos de 6 horas com consumo
I21JC029167L,19,0,0.0,consumo total muito baixo + menos de 6 horas com consumo
I21JC029357P,18,0,0.0,consumo total muito baixo + menos de 6 horas com consumo
I21JC029360K,19,0,0.0,consumo total muito baixo + menos de 6 horas com consumo
I21JC029424J,18,0,0.0,consumo total muito baixo + menos de 6 horas com consumo
I21JC029429O,19,0,0.0,consumo total muito baixo + menos de 6 horas com consumo
I21JC029445O,19,0,0.0,consumo total muito baixo + menos de 6 horas com consumo
I21JC029459U,19,0,0.0,consumo total muito baixo + menos de 6 horas com consumo
I21JC029474T,18,0,0.0,consumo total muito baixo + menos de 6 horas com consumo
I21JC029494X,19,0,0.0,consumo total muito baixo + menos de 6 horas com consumo
I21JC029495Y,19,0,0.0,consumo total muito baixo + menos de 6 horas com consumo
I21JC029541N,19,0,0.0,consumo total muito baixo + menos de 6 horas com consumo
I21JC029555T,19,0,0.0,consumo total muito baixo + menos de 6 horas com consumo
I21JC029567X,19,0,0.0,consumo total muito baixo + menos de 6 horas com consumo
I21JC029576Y,19,0,0.0,consumo total muito baixo + menos de 6 horas com consumo
I21JC029599F,18,0,0.0,consumo total muito baixo + menos de 6 horas com consumo
I21JC029603K,14,0,0.0,consumo total muito baixo + menos de 6 horas com consumo
I21JC029611K,19,0,0.0,consumo total muito baixo + menos de 6 horas com consumo
I21JC029632P,19,0,0.0,consumo total muito baixo + menos de 6 horas com consumo
I21JC029733T,14,0,0.0,consumo total muito baixo + menos de 6 horas com consumo
I21JC029735V,19,0,0.0,consumo total muito baixo + menos de 6 horas com consumo
I21JC029745X,19,0,0.0,consumo total muito baixo + menos de 6 horas com consumo
I21JE003864,19,0,0.0,consumo total muito baixo + menos de 6 horas com consumo
I21JE003865,19,0,0.0,consumo total muito baixo + menos de 6 horas com consumo
I21JE043613M,19,0,0.0,consumo total muito baixo + menos de 6 horas com consumo
I21JE043615O,8,0,0.0,consumo total muito baixo + menos de 6 horas com consumo
I21JE043617Q,19,0,0.0,consumo total muito baixo + menos de 6 horas com consumo
I21JE074440C,19,0,0.0,consumo total muito baixo + menos de 6 horas com consumo
I21JE074442E,19,0,0.0,consumo total muito baixo + menos de 6 horas com consumo
I21JE074443F,19,0,0.0,consumo total muito baixo + menos de 6 horas com consumo
I21LA091899,19,0,0.0,consumo total muito baixo + menos de 6 horas com consumo
I21LA162615,19,2,0.005,consumo total muito baixo + menos de 6 horas com consumo
I21LA173715,19,5,0.065,consumo total muito baixo + menos de 6 horas com consumo
I21LA173760,19,0,0.0,consumo total muito baixo + menos de 6 horas com consumo
I21LA173770,19,7,0.088,consumo total muito baixo
I21LA173780,14,3,0.014,consumo total muito baixo + menos de 6 horas com consumo
I21LA173790,19,3,0.015,consumo total muito baixo + menos de 6 horas com consumo
I21LA173814,19,4,0.029,consumo total muito baixo + menos de 6 horas com consumo
I21LA173852,19,4,0.066,consumo total muito baixo + menos de 6 horas com consumo
I21LA173859,19,0,0.0,consumo total muito baixo + menos de 6 horas com consumo
I21LA173876,19,0,0.0,consumo total muito baixo + menos de 6 horas com consumo
I21LA173877,19,0,0.0,consumo total muito baixo + menos de 6 horas com consumo
I21LA174020,19,3,0.034,consumo total muito baixo + menos de 6 horas com consumo
I21LA180227,19,0,0.0,consumo total muito baixo + menos de 6 horas com consumo
I21LA182611,8,0,0.0,consumo total muito baixo + menos de 6 horas com consumo
I21LA184424,19,4,0.046,consumo total muito baixo + menos de 6 horas com consumo
I21LA184504,19,10,0.084,consumo total muito baixo
I21LA184517,19,0,0.0,consumo total muito baixo + menos de 6 horas com consumo
I21LA185911,19,0,0.0,consumo total muito baixo + menos de 6 horas com consumo
I21LA190301,19,0,0.0,consumo total muito baixo + menos de 6 horas com consumo
I21LA327883,8,10,0.095,consumo total muito baixo
I21LA327884,19,16,0.063,consumo total muito baixo
I21LA389336,19,5,1.762,menos de 6 horas com consumo
I21MF951608T,19,0,0.0,consumo total muito baixo + menos de 6 horas com consumo
I22JC014372Y,2,4,2.498,menos de 5 dias com dados + menos de 6 horas com consumo
I22JC014382A,19,15,0.046,consumo total muito baixo
I22JC094262H,19,0,0.0,consumo total muito baixo + menos de 6 horas com consumo
I22JC094275M,19,0,0.0,consumo total muito baixo + menos de 6 horas com consumo
I22JC094277O,19,0,0.0,consumo total muito baixo + menos de 6 horas com consumo
I22JC094284N,19,3,0.265,menos de 6 horas com consumo
I22LA303411,8,3,0.085,consumo total muito baixo + menos de 6 horas com consumo
I22LA303427,8,3,0.082,consumo total muito baixo + menos de 6 horas com consumo
I22LA303573,8,0,0.0,consumo total muito baixo + menos de 6 horas com consumo
I22LA304258,19,0,0.0,consumo total muito baixo + menos de 6 horas com consumo
I22LA306555,19,0,0.0,consumo total muito baixo + menos de 6 horas com consumo
I23JC012768P,17,0,0.0,consumo total muito baixo + menos de 6 horas com consumo
I23JC012769Q,19,0,0.0,consumo total muito baixo + menos de 6 horas com consumo
I23LA005760,8,5,0.981,menos de 6 horas com consumo
I23LA005956,19,3,0.024,consumo total muito baixo + menos de 6 horas com consumo
I23LA005976,6,0,0.0,consumo total muito baixo + menos de 6 horas com consumo
I23LA006021,19,2,0.011,consumo total muito baixo + menos de 6 horas com consumo
I23LA007145,19,2,0.01,consumo total muito baixo + menos de 6 horas com consumo
I23LA007187,5,5,0.163,menos de 6 horas com consumo
I23LA007231,19,0,0.0,consumo total muito baixo + menos de 6 horas com consumo
I23LA009886,18,4,0.026,consumo total muito baixo + menos de 6 horas com consumo
I23LA009888,18,2,0.012,consumo total muito baixo + menos de 6 horas com consumo
I23LA211678,19,3,0.053,consumo total muito baixo + menos de 6 horas com consumo
I23LA212338,19,0,0.0,consumo total muito baixo + menos de 6 horas com consumo
I23LA212355,19,0,0.0,consumo total muito baixo + menos de 6 horas com consumo
I23LA212359,13,0,0.0,consumo total muito baixo + menos de 6 horas com consumo
I23LA212366,19,0,0.0,consumo total muito baixo + menos de 6 horas com consumo
I23LA213385,19,23,0.084,consumo total muito baixo
I23LA454934,18,0,0.0,consumo total muito baixo + menos de 6 horas com consumo
I23LA459839,18,5,1.294,menos de 6 horas com consumo
I23LA545728,19,8,0.018,consumo total muito baixo
I24LA025871,19,2,0.019,consumo total muito baixo + menos de 6 horas com consumo
I24LA027028,8,3,0.004,consumo total muito baixo + menos de 6 horas com consumo
