CPE,dias_com_dados,horas_com_dados,horas_ativas,consumo_total_m3,consumo_medio_dia_m3,pct_madrugada,pct_laboral,pct_noite,hora_pico,pct_hora_pico,desvios_no_periodo,cluster
C16SC000825R,19,401,22,115.454,6.0765,8.24,61.08,29.49,10,19.73,15,0
C16SE010255,13,287,24,10.502,0.8078,3.4,83.67,11.78,14,15.79,2,1
C17SC007432,19,428,24,21.302,1.1212,0.08,90.39,8.87,14,12.54,5,1
C17SC007452,19,397,6,60.674,3.1934,59.43,11.13,0.0,6,33.44,14,0
C17SC007487,14,280,23,33.338,2.3813,2.42,80.19,17.39,10,14.44,10,1
C18LB000167,19,409,14,2.246,0.1182,0.04,89.4,10.55,12,13.85,0,1
C18LB000173,19,421,15,18.368,0.9667,0.01,94.22,5.77,14,18.56,8,1
C18SC002011N,19,417,20,8.841,0.4653,0.19,52.37,47.44,21,10.6,6,0
C18SC002050U,18,303,24,33.809,1.8783,22.57,33.37,42.36,0,15.42,6,0
C18SC002069,19,433,24,404.799,21.3052,29.77,41.23,24.83,0,4.42,0,0
C18SC002113,19,404,24,469.747,24.7235,19.82,45.38,30.23,16,7.99,5,0
C18SC005955,19,433,24,42.886,2.2572,42.95,46.5,8.99,17,32.53,32,0
C18SC005960J,14,289,24,17.978,1.2841,17.74,32.95,47.35,22,14.2,5,0
C18SC005963M,19,343,24,100.132,5.2701,13.55,45.24,39.5,22,13.15,9,0
C20LB001379,19,425,24,16.618,0.8746,5.27,86.41,7.4,12,23.69,7,1
C21FE004002H,19,433,24,10.796,0.5682,19.03,46.21,33.6,17,9.22,11,0
C21FE010289Z,19,425,24,234.034,12.3176,20.65,46.01,30.43,23,6.12,2,0
C22FC002164L,19,385,24,32.425,1.7066,14.17,49.61,32.43,20,10.73,9,0
C22FC002165M,19,409,24,23.155,1.2187,3.19,55.13,34.75,15,10.52,6,0
C22FC002170J,19,429,24,72.111,3.7953,10.67,50.8,37.62,22,8.52,4,0
C22FC002175O,19,409,24,18.182,0.9569,11.76,42.14,39.33,20,9.25,10,0
C22FC002177Q,19,433,23,5.341,0.2811,2.58,85.7,3.58,8,17.09,4,1
C23FC001331N,18,241,24,32.259,1.7922,23.99,39.68,34.55,20,19.64,10,0
C23FC001333P,18,406,24,20.512,1.1396,8.75,49.57,38.33,21,9.64,11,0
C23FE003152I,19,433,16,5.671,0.2985,2.5,11.25,86.25,21,33.31,7,0
C23FE003153J,19,357,21,1.192,0.0627,7.05,80.54,3.52,12,19.88,0,1
D01TE050163,19,351,8,12.26,0.6453,96.41,1.79,1.79,3,37.44,3,0
D01WF051014,18,374,24,113.0,6.2778,9.85,31.35,57.88,23,14.46,5,0
D03TD027211,19,425,19,15.846,0.834,0.01,92.13,5.23,13,15.02,12,1
D05AE129685,18,253,24,272.034,15.113,72.94,26.24,0.79,4,19.65,14,0
D05AE130850,14,284,24,1.036,0.074,11.49,57.43,27.8,10,6.27,0,0
D06AE082862,19,391,24,213.625,11.2434,87.55,6.83,2.05,2,17.78,12,0
D07AE127770V,19,416,24,0.173,0.0091,63.01,20.23,14.45,1,15.03,0,0
D08AB044387,16,157,24,4.567,0.2854,48.46,24.76,25.84,0,35.91,3,0
D08AC357150V,12,188,24,15.708,1.309,11.5,51.11,35.08,15,19.96,6,0
D08AC395031B,19,427,24,19.282,1.0148,14.01,54.28,28.06,9,8.01,33,0
D10JC116614G,18,279,7,24.534,1.363,98.09,0.0,1.91,3,22.1,7,0
D10OF068767,19,424,24,87730.5,4617.3947,0.02,99.88,0.05,15,99.44,52,1
D11JE109235D,13,271,24,86.767,6.6744,11.71,37.33,47.49,19,14.67,5,0
D12XF094973V,19,433,24,528.86,27.8347,2.36,74.04,23.56,12,14.21,2,1
D13XF126371P,19,433,15,86.01,4.5268,0.0,96.77,2.83,15,14.95,3,1
D15XF072893,19,407,24,33.0,1.7368,9.48,63.94,25.21,15,11.73,30,0
D16BA133407,19,433,11,55.182,2.9043,0.0,99.24,0.76,10,48.81,3,1
D16BX009425,18,298,16,1.386,0.077,0.07,53.39,46.54,19,16.31,4,0
D16BX009428,19,405,24,81.194,4.2734,31.3,40.49,24.14,0,5.52,7,0
D16XF077374,19,413,24,169.74,8.9337,4.97,81.02,13.24,13,13.4,8,1
D17BA019937,18,404,24,3.019,0.1677,42.4,50.02,2.82,2,22.82,14,0
D17BA019938,14,273,24,6.775,0.4839,6.6,66.6,22.73,15,8.34,9,0
D18BA316162,18,269,14,0.312,0.0173,16.03,79.81,4.17,13,21.79,0,1
D18BX003233,18,228,21,0.437,0.0243,8.92,5.49,85.58,22,34.78,3,0
D18BX003239,19,417,24,25.573,1.3459,33.57,31.16,35.17,4,11.48,41,0
D18BX003284,19,419,8,0.103,0.0054,0.0,97.09,2.91,12,87.38,1,1
D19BA000196,14,285,14,2.131,0.1522,0.0,97.47,2.53,11,19.62,1,1
D19BA093038,19,429,10,0.262,0.0138,0.0,97.33,2.67,11,21.37,0,1
D19BA093039,19,429,12,1.043,0.0549,0.19,90.7,9.11,11,14.29,0,1
D19BA310997,16,361,24,0.246,0.0154,21.54,65.45,10.98,10,19.11,0,0
D19BA343472,19,429,11,4.842,0.2548,0.0,98.16,1.84,11,31.99,8,1
D19BA343473,13,289,9,1.18,0.0908,0.0,98.73,1.27,16,32.63,3,1
D19BA343474,19,423,7,0.985,0.0518,0.0,26.19,73.81,20,26.4,5,0
D19BA343504,19,413,15,0.901,0.0474,3.55,92.34,4.11,11,23.2,4,1
D19BX000040,19,431,24,62.394,3.2839,0.8,93.76,2.23,13,14.74,0,1
D19BX000041,19,348,24,31.717,1.6693,19.28,53.17,25.84,12,10.12,68,0
D19BX000057,19,400,24,28.489,1.4994,4.02,86.43,8.39,12,13.61,4,1
H19VA232210,19,429,13,3.575,0.1882,0.0,96.81,3.19,11,31.41,8,1
H20VA222003,19,397,13,1.246,0.0656,0.0,73.68,26.32,19,21.75,4,1
H20VA222016,19,433,24,0.809,0.0426,13.35,57.23,27.32,17,13.72,0,0
H20VA543760,19,433,11,0.834,0.0439,0.0,74.82,25.18,18,24.22,0,1
H21OF834686I,19,433,17,37.26,1.9611,6.66,60.36,32.98,12,14.12,14,0
H21OF834752B,19,417,24,324.72,17.0905,52.83,19.7,13.78,7,13.69,23,0
H21VA420473Z,18,420,24,30.222,1.679,3.04,90.42,5.1,13,16.31,0,1
H21VA420783K,19,430,24,21.965,1.1561,1.88,90.62,7.07,13,16.18,4,1
I11JB001828,14,289,23,0.737,0.0526,10.31,74.76,11.13,14,22.52,0,1
I13JA287987,19,381,24,5.183,0.2728,26.88,48.14,21.61,2,8.74,2,0
I13JA287996,19,406,10,0.223,0.0117,0.0,98.65,1.35,9,22.87,0,1
I13JE090461J,19,427,16,0.357,0.0188,0.0,74.23,25.77,16,17.09,0,1
I14JE002622G,19,433,17,70.419,3.7063,0.0,94.56,3.97,11,19.54,5,1
I16JC098524,19,433,24,25.799,1.3578,0.05,81.66,13.86,14,12.8,3,1
I17JE060870R,19,432,24,5.619,0.2957,12.53,60.79,26.34,13,18.95,3,0
I17JE060874,18,391,24,60.068,3.3371,0.37,92.74,6.83,11,17.65,5,1
I17JE060876,19,432,24,43.833,2.307,2.92,87.69,4.32,12,15.01,5,1
I17JE060878,19,433,15,78.334,4.1228,0.0,94.23,2.69,12,17.42,2,1
I17JE060879,14,289,24,50.945,3.6389,2.83,89.62,7.1,13,15.65,1,1
I17JE096914,19,433,21,27.311,1.4374,0.06,96.99,2.45,11,14.99,2,1
I18JC067687,18,248,15,22.456,1.2476,16.56,39.17,44.26,2,16.56,40,0
I18MF912111K,19,383,24,208.52,10.9747,21.16,53.57,23.37,14,9.53,38,0
I19JC020003,19,433,24,54.672,2.8775,13.51,51.24,33.44,15,9.41,25,0
I19JC029846L,18,242,24,339.756,18.8753,32.87,52.23,12.75,17,22.23,3,0
I19JC029855,19,381,24,99.039,5.2126,8.95,61.15,29.25,18,8.85,24,0
I19JC029856,19,376,24,813.177,42.7988,32.28,38.73,25.78,3,6.39,12,0
I19JC029874,19,433,15,15.897,0.8367,0.01,92.95,4.7,16,12.99,6,1
I19JC029877,19,433,24,27.429,1.4436,2.54,90.47,5.91,16,17.39,5,1
I19JC029885,19,432,24,62.074,3.2671,30.87,41.96,23.28,9,5.41,72,0
I19JC065474,18,353,24,12.698,0.7054,30.86,44.25,22.32,15,11.75,7,0
I19JC065506,19,433,16,25.399,1.3368,2.59,54.75,8.87,7,33.8,3,0
I19JC065533,18,328,22,314.088,17.4493,3.07,63.17,25.86,13,18.82,38,0
I19JC065537,19,432,24,19.351,1.0185,4.68,50.12,43.64,21,11.86,7,0
I19JC065564I,19,369,24,32.144,1.6918,13.1,49.49,33.24,20,12.55,11,0
I19JE047347N,19,432,24,1.603,0.0844,13.6,61.14,19.84,8,8.86,0,0
I19MF924543A,18,407,14,73.43,4.0794,0.0,91.92,2.51,11,15.63,2,1
I19MF927865,19,419,21,635.66,33.4558,17.78,28.35,53.07,23,24.82,20,0
I20JE060957,19,433,24,52.058,2.7399,9.44,49.99,35.42,20,10.94,11,0
I20JE060959,18,375,24,54.297,3.0165,13.14,71.84,12.74,15,12.16,23,1
I20JE067857,19,432,24,33.112,1.7427,5.89,59.53,27.73,18,8.34,5,0
I20JE067858,19,429,24,119.068,6.2667,6.96,52.21,35.16,20,8.01,5,0
I20JE067859,19,431,24,111.303,5.8581,10.87,42.89,44.43,20,12.19,3,0
I20MF944347P,14,289,24,21.55,1.5393,20.65,56.61,19.35,0,6.91,3,0
I20MF945857,19,419,13,35.28,1.8568,0.0,95.46,3.32,12,20.01,4,1
I21JC029093K,19,433,24,1.185,0.0624,8.27,13.08,78.14,23,38.06,5,0
I21JC029107Z,19,429,24,208.582,10.978,12.48,63.23,22.54,20,12.72,46,0
I21JC029118C,19,429,24,4.543,0.2391,24.46,48.78,23.05,13,13.6,2,0
I21JC029120W,19,433,17,9.462,0.498,1.08,55.55,43.37,20,10.58,3,0
I21JC029122Y,19,433,16,41.439,2.181,0.0,97.6,1.53,13,18.97,0,1
I21JC029129F,19,429,24,58.856,3.0977,6.75,56.82,32.38,10,7.26,5,0
I21JC029134C,19,433,24,114.847,6.0446,1.45,87.93,10.26,11,15.01,7,1
I21JC029136E,19,429,21,42.736,2.2493,0.36,12.99,86.65,21,43.44,11,0
I21JC029148I,19,430,24,59.739,3.1442,6.01,37.53,56.06,19,11.8,4,0
I21JC029165J,18,377,24,131.62,7.3122,37.81,26.44,33.21,23,13.99,11,0
I21JC029166K,19,423,24,33.489,1.7626,1.65,95.63,2.38,10,49.23,1,1
I21JC029323F,19,419,24,123.689,6.5099,13.8,47.44,36.02,21,8.41,2,0
I21JC029325H,19,407,24,33.991,1.789,10.56,52.14,34.13,20,9.36,5,0
I21JC029328K,19,416,24,39.478,2.0778,28.66,43.12,24.25,14,5.97,28,0
I21JC029332G,14,141,24,26.514,1.8939,18.22,41.49,37.75,13,23.33,5,0
I21JC029333H,14,205,24,23.535,1.6811,18.4,50.15,27.58,13,13.04,12,0
I21JC029335J,12,188,24,10.754,0.8962,21.98,35.75,38.92,22,17.06,10,0
I21JC029336K,7,101,24,15.507,2.2153,30.78,42.76,22.12,2,14.22,2,0
I21JC029361L,17,376,24,19.841,1.1671,11.43,46.64,34.95,20,7.88,5,0
I21JC029405G,19,433,24,41.073,2.1617,1.29,3.99,94.51,23,47.75,11,0
I21JC029465S,19,423,24,297.944,15.6813,15.37,48.8,32.0,20,6.44,3,0
I21JC029553R,19,405,24,38.045,2.0024,16.85,53.29,28.61,12,9.58,9,0
I21JC029600H,19,421,24,6.657,0.3504,16.24,69.28,12.45,9,39.18,3,0
I21JC029635S,14,289,24,7.34,0.5243,29.99,41.01,24.73,13,4.44,66,0
I21JC029765B,19,433,24,48.202,2.5369,29.06,41.73,25.11,0,4.35,0,0
I21JC037657V,19,380,24,17.767,0.9351,8.25,54.67,30.7,19,11.78,19,0
I21JC037658W,19,374,24,16.355,0.8608,5.65,66.8,23.79,14,12.63,16,0
I21JC037659X,19,388,24,11.864,0.6244,16.5,44.97,34.3,22,10.55,15,0
I21JC037660Q,19,387,24,17.605,0.9266,14.31,37.02,44.81,21,11.85,14,0
I21JC037663T,19,433,24,192.683,10.1412,12.66,52.01,31.99,19,6.63,11,0
I21JC043488L,19,373,24,29.011,1.5269,4.72,52.98,40.76,18,11.51,17,0
I21JC043489M,19,403,24,17.271,0.909,7.24,60.98,27.55,11,10.37,12,0
I21JC043490F,19,412,24,25.158,1.3241,12.06,61.39,21.5,11,8.87,10,0
I21JC043496L,19,432,24,55.267,2.9088,1.17,76.09,22.49,12,24.53,8,1
I21JE030622,8,143,24,63.601,7.9501,8.05,52.9,33.58,11,7.28,1,0
I21LA148189,21,425,16,0.18,0.0086,0.0,70.56,24.44,10,13.89,0,1
I21LA152238,19,421,9,0.169,0.0089,0.0,88.76,11.24,14,30.77,0,1
I21LA152381,19,433,24,13.104,0.6897,0.24,85.66,9.91,14,13.78,0,1
I21LA173758,19,409,6,0.231,0.0122,0.0,76.62,23.38,16,32.03,0,1
I21LA173785,18,403,22,0.183,0.0102,5.46,79.78,13.66,16,57.92,1,1
I21LA173999,19,401,6,0.334,0.0176,0.0,4.19,95.81,19,35.03,1,0
I21LA183439,19,433,24,14.125,0.7434,25.44,47.24,23.75,12,6.18,1,0
I21LA184421,19,412,16,0.377,0.0198,0.0,76.66,21.49,11,13.53,0,1
I21LA186120,19,429,24,53.199,2.7999,21.4,57.02,18.42,9,9.89,7,0
I21LA186299,19,377,11,7.465,0.3929,0.0,73.07,26.93,21,26.93,20,1
I21LA186317,19,421,12,2.274,0.1197,0.0,70.05,29.95,11,17.33,3,1
I21LA327835,19,357,16,1.526,0.0803,13.11,65.66,13.63,21,12.19,6,0
I22JC014373Z,5,24,16,4.786,0.9572,21.44,53.43,25.14,9,42.96,2,0
I22JC094273K,19,376,24,67.815,3.5692,9.08,51.65,37.11,21,11.15,10,0
I22JC094276N,18,236,24,29.21,1.6228,26.21,43.07,26.82,0,21.3,11,0
I22JC094278P,19,421,24,44.14,2.3232,7.43,52.28,33.26,19,8.87,10,0
I22JC094280J,18,253,24,23.387,1.2993,24.21,37.79,35.61,2,19.34,10,0
I22JC094282L,19,345,24,43.659,2.2978,12.71,51.33,31.74,12,13.28,12,0
I22JC094285O,19,259,24,24.099,1.2684,7.01,66.62,25.27,9,22.6,14,0
I22JC094286P,19,385,24,45.068,2.372,17.79,45.5,32.71,0,8.11,12,0
I22JC094287Q,8,144,24,17.43,2.1788,16.71,61.39,19.3,10,8.39,1,0
I22LA224628,19,433,15,6.932,0.3648,0.0,80.8,19.11,15,16.06,2,1
I22LA303495,7,120,17,0.476,0.068,0.0,72.06,27.73,15,40.55,2,1
I23JC095866,8,145,24,17.07,2.1338,10.64,49.73,35.67,20,8.56,6,0
I23JC095867,8,145,24,17.428,2.1785,6.2,45.32,45.71,19,12.11,2,0
I23JC095869,8,133,24,32.902,4.1128,12.85,50.08,32.0,21,9.39,2,0
I23JC095870,8,141,24,36.141,4.5176,9.26,52.87,33.43,14,11.87,2,0
I23JC095961O,8,141,24,141.846,17.7308,6.32,59.95,33.65,16,10.75,18,0
I23JC096059X,19,433,24,94.714,4.9849,6.56,47.92,40.79,18,8.56,8,0
I23JC096060Q,19,413,24,31.788,1.6731,4.67,54.35,38.06,19,9.78,11,0
I23JC096061R,19,429,24,21.133,1.1123,7.8,48.22,42.37,20,9.23,10,0
I23JC096062S,8,145,24,8.855,1.1069,7.27,40.06,48.06,18,17.43,3,0
I23JC096063T,19,403,24,60.845,3.2024,10.54,48.59,37.9,19,8.36,9,0
I23JE044621,19,433,24,31.783,1.6728,13.2,64.03,20.14,12,9.66,17,0
I23LA005984,19,289,8,0.156,0.0082,15.38,29.49,55.13,21,35.26,1,0
I23LA005997,19,384,9,0.137,0.0072,0.0,83.21,16.79,8,16.79,0,1
I23LA009785,19,433,24,83.203,4.3791,18.79,60.83,17.66,13,8.01,17,0
I23LA213007,19,426,24,2.921,0.1537,13.83,51.59,33.14,16,11.3,6,0
I23LA465873,19,428,24,0.508,0.0267,8.07,70.47,20.28,10,16.93,0,1
I23LA547069,19,416,15,14.513,0.7638,0.0,91.5,8.5,14,15.06,0,1
I24LA025413,19,425,20,5.068,0.2667,0.1,96.92,2.98,11,28.47,5,1
I24LA025880,19,421,12,0.46,0.0242,0.0,73.7,26.3,10,27.61,2,1
I24LA026648,19,395,8,0.145,0.0076,0.0,89.66,10.34,15,82.07,1,1
I24LA028096,19,431,24,24.089,1.2678,2.79,82.49,14.36,13,15.35,0,1
I24LA028098,19,431,17,2.862,0.1506,1.36,63.03,35.6,20,9.5,0,0
I24LA028157,19,433,6,0.107,0.0056,0.0,73.83,26.17,12,38.32,0,1
I24LA028258,19,433,24,31.667,1.6667,4.13,85.17,5.8,13,14.35,1,1
I24LA029109,14,289,15,3.573,0.2552,0.06,54.55,45.4,19,26.67,2,0
