CPE,PC1,PC2,cluster
C16SC000825R,-1.241341716567838,-2.6829245344438015,0
C16SE010255,11.511961190331649,-0.3618552140601953,1
C17SC007432,11.903162952428094,-2.9420800881912825,1
C17SC007452,-12.693104968324986,0.9859886798596218,0
C17SC007487,9.778095764586107,-2.3737996419325738,1
C18LB000167,12.51738344516165,-4.888677426550649,1
C18LB000173,14.072881168039947,-2.2643348836939183,1
C18SC002011N,-4.3294245390536465,1.7326352381189696,0
C18SC002050U,-12.699269102531272,1.5127253980586906,0
C18SC002069,-7.031651581520565,1.0601017571462386,0
C18SC002113,-6.418271774497095,-0.17875551394920697,0
C18SC005955,-9.515203241373573,2.0470482316216723,0
C18SC005960J,-11.833443645196825,2.0645112942766795,0
C18SC005963M,-7.317826121820379,0.2524875376603165,0
C20LB001379,13.039930036034239,-6.941678945694868,1
C21FE004002H,-5.343620493625769,6.330031228694751,0
C21FE010289Z,-5.78919487903585,0.6406844386383307,0
C22FC002164L,-4.592216540524819,-1.3069165020761275,0
C22FC002165M,-1.7972360191873333,5.045169156023267,0
C22FC002170J,-6.130327079064432,0.2853595026176247,0
C22FC002175O,-8.694324684459318,0.5720147806833228,0
C22FC002177Q,6.885225450016823,-9.799522136522747,1
C23FC001331N,-8.410297538126258,-1.6298681641283272,0
C23FC001333P,-6.138525091942068,-0.7823066495844386,0
C23FE003152I,-25.917849875365413,2.158604161702428,0
C23FE003153J,8.552049850784776,-15.149271036321675,1
D01TE050163,-18.034742136521178,2.4951587452757535,0
D01WF051014,-14.725371682259686,3.3383965999366167,0
D03TD027211,13.602831874356202,-4.067099298300175,1
D05AE129685,-12.410152950542797,-0.8322401254160801,0
D05AE130850,-1.8573419357808285,0.19907800131151798,0
D06AE082862,-14.991722263595449,2.2277796269563113,0
D07AE127770V,-12.924486355592823,4.880718136230678,0
D08AB044387,-13.75493613800407,-0.11401041379088762,0
D08AC357150V,1.3627975081921841,14.235448542303534,0
D08AC395031B,-3.5549672848333853,-1.1115211563470986,0
D10JC116614G,-18.765863127290313,2.7952264260765145,0
D10OF068767,39.558508198138334,83.81002634369705,1
D11JE109235D,-11.43639706584536,0.2724219051685748,0
D12XF094973V,5.60847142202963,-7.061863831091923,1
D13XF126371P,16.893903921758938,0.27392987420364073,1
D15XF072893,2.6673099239968834,6.164814923959719,0
D16BA133407,19.95747501054789,-19.897394267283467,1
D16BX009425,-2.3729727214742353,1.6521579363585366,0
D16BX009428,-7.336779821163106,0.9674332625933556,0
D16XF077374,8.480076331985702,-0.18442174476738224,1
D17BA019937,-2.7087781093751593,-1.4333783347341276,0
D17BA019938,2.6874727514503305,0.7960204848475521,0
D18BA316162,6.566473326559393,-5.172391917157908,1
D18BX003233,-29.065374940735637,4.665980918117502,0
D18BX003239,-11.972287455557105,4.020614672041043,0
D18BX003284,26.9416339256257,-32.079319561233525,1
D19BA000196,16.39965923094195,-10.648862923793565,1
D19BA093038,19.3412345605877,0.6790329526033467,1
D19BA093039,11.52369514146638,-2.5105686637878946,1
D19BA310997,-0.2248433095933082,-7.040485673224551,0
D19BA343472,17.161439176168134,-15.553358819790185,1
D19BA343473,19.98974169920335,-17.97810205301422,1
D19BA343474,-13.853425947674308,0.4282802375789869,0
D19BA343504,11.41041540239302,-13.87427726239884,1
D19BX000040,14.576496962451657,-6.129017486117086,1
D19BX000041,-1.7855311299130647,-0.41052580454438936,0
D19BX000057,12.413569152601626,1.0617033786021566,1
H19VA232210,14.387206278900662,-11.89555804534024,1
H20VA222003,7.941127169339991,3.117698161487983,1
H20VA222016,-2.141154226028071,6.0689455391509295,0
H20VA543760,4.422010029784387,8.733065121839111,1
H21OF834686I,-0.08606782425163166,-1.0177829585244953,0
H21OF834752B,-12.56229144737643,2.2711484624066194,0
H21VA420473Z,13.368615125216829,-2.1951191125147895,1
H21VA420783K,14.109999683812557,-2.192370917462752,1
I11JB001828,4.578645003511743,-0.3309619033231973,1
I13JA287987,-3.0898286152145515,-0.886466810387815,0
I13JA287996,9.797762028417926,-8.923274987045176,1
I13JE090461J,4.914881759801252,7.729713973255803,1
I14JE002622G,15.735815843126895,-6.5192217154971335,1
I16JC098524,8.928211327264803,-0.8447787516471587,1
I17JE060870R,-1.3508952906111356,-3.0772031904729915,0
I17JE060874,15.675347359297314,-3.230697834373599,1
I17JE060876,14.61935637434576,-1.6480021862761285,1
I17JE060878,13.845213127082705,-8.428064657190657,1
I17JE060879,12.523647333512848,-4.741712783858895,1
I17JE096914,16.551530893772387,-0.7154269198942502,1
I18JC067687,-8.158641649954474,2.5838751934053072,0
I18MF912111K,-1.720386291380193,1.6297020696976012,0
I19JC020003,-3.7914571669639106,6.228482669716979,0
I19JC029846L,-6.288554900194825,1.9425041241426626,0
I19JC029855,0.007675149763829757,1.2216928745026385,0
I19JC029856,-7.491691253815903,3.2630483386496545,0
I19JC029874,13.158693509485634,-4.690089532083947,1
I19JC029877,13.378543743536682,-0.8866953137486462,1
I19JC029885,-6.819533226667894,0.7976285402165131,0
I19JC065474,-3.578750669033019,7.281351649913732,0
I19JC065506,-1.567937283979619,-1.5429440254168112,0
I19JC065533,-2.2533060901579898,5.470214717243697,0
I19JC065537,-5.586172207740506,-1.0560504432180884,0
I19JC065564I,-3.718371300613164,-2.770286954338033,0
I19JE047347N,-0.34122865870144914,0.8719252729419863,0
I19MF924543A,12.392472865780785,-7.119614225211711,1
I19MF927865,-15.881887060283672,1.5095095695877006,0
I20JE060957,-5.002968876678375,-0.9681339669752131,0
I20JE060959,6.144767183938588,3.205316556533271,1
I20JE067857,-1.085175276071067,0.2853941574587669,0
I20JE067858,-5.172721378995431,-0.6577870087233594,0
I20JE067859,-8.303293467077102,0.6707896745924817,0
I20MF944347P,-1.131023671569723,0.5310914461377801,0
I20MF945857,19.358043943089495,-0.2970347927108654,1
I21JC029093K,-25.753131961347005,5.365771703829098,0
I21JC029107Z,0.9475669714410465,-7.511910604018177,0
I21JC029118C,-4.596264657165244,0.125555541216707,0
I21JC029120W,-2.0924504534274115,3.401118293707714,0
I21JC029122Y,16.973812526336904,-6.824109234201582,1
I21JC029129F,-3.3738188825294295,-1.0117703543361911,0
I21JC029134C,13.784672815356894,0.7420428534213848,1
I21JC029136E,-25.87550296944033,3.715522148267844,0
I21JC029148I,-11.749081254914827,0.5948545596240662,0
I21JC029165J,-13.429019597479838,1.900619043894839,0
I21JC029166K,7.453855239854411,-13.839691695535352,1
I21JC029323F,-6.720545412990816,0.5762363060957154,0
I21JC029325H,-4.1513564653799335,-0.4840747521544501,0
I21JC029328K,-6.267229671486304,0.8116723127845245,0
I21JC029332G,-11.595228165503347,2.041267339915977,0
I21JC029333H,-6.257593804601081,1.1958459861937532,0
I21JC029335J,-11.38484819171925,1.087778356771126,0
I21JC029336K,-6.782437720263657,0.6254815368298938,0
I21JC029361L,-6.00777366520704,-1.3412516464228135,0
I21JC029405G,-31.32843259391624,6.589704164792214,0
I21JC029465S,-5.395479407020868,-0.6099849492448154,0
I21JC029553R,-1.7568430898857266,-2.225085255059799,0
I21JC029600H,-1.2144943768630747,1.3881131949961525,0
I21JC029635S,-7.117030950102087,0.4313724397523872,0
I21JC029765B,-6.87797992349715,1.049126392670292,0
I21JC037657V,-1.9655243616133966,-0.7457076349662184,0
I21JC037658W,0.519444503137204,-2.3613740239527505,0
I21JC037659X,-6.851501318108876,-1.6023137605761897,0
I21JC037660Q,-10.540313311971557,1.342941731830937,0
I21JC037663T,-4.172221427365896,-0.2912272945641678,0
I21JC043488L,-3.926934891439694,0.41866197152343093,0
I21JC043489M,0.4467699193107211,-1.4837840311335329,0
I21JC043490F,0.22867997068854715,-0.5317418175344343,0
I21JC043496L,9.290480057194126,-12.487102742470352,1
I21JE030622,-3.2525549050029983,-0.12693953859540605,0
I21LA148189,4.416925655226428,-3.088080614397244,1
I21LA152238,10.360975348648722,3.3636850573230186,1
I21LA152381,10.93097313842741,-4.268371266804199,1
I21LA173758,4.6724125289025835,8.53686880250689,1
I21LA173785,4.412888959836602,-0.6884981314308471,1
I21LA173999,-22.524191548852237,8.268563266579244,0
I21LA183439,-4.492521018381461,-0.04155304057290758,0
I21LA184421,7.4083775952276945,3.7600239727280274,1
I21LA186120,-1.7455281633084987,-1.063263402509031,0
I21LA186299,2.4112364871977707,3.254582391240776,1
I21LA186317,5.035958036856584,-4.57497339884305,1
I21LA327835,-0.3673943199985378,-5.557985383116777,0
I22JC014373Z,-13.33430635499368,-3.8587352962632147,0
I22JC094273K,-6.722397724084996,1.5907078459003203,0
I22JC094276N,-9.883913275556615,-0.8154892119154352,0
I22JC094278P,-3.529610260393827,-2.980660608314052,0
I22JC094280J,-9.184800263484497,2.3937398599046413,0
I22JC094282L,-3.5061206980701027,-2.7339309667330745,0
I22JC094285O,-1.4206613159394752,-1.7655807039208877,0
I22JC094286P,-7.563616890263381,-0.22403335806609712,0
I22JC094287Q,1.3130817647441053,1.190669754156823,0
I22LA224628,10.669692797664576,7.00786275980924,1
I22LA303495,11.84309973070256,31.637628612123255,1
I23JC095866,-4.771287145297504,-0.7266003050812753,0
I23JC095867,-7.7757399407289025,-0.2864158720043814,0
I23JC095869,-5.60995156993816,-1.8702179417227092,0
I23JC095870,-4.621229201357271,0.5035403059181525,0
I23JC095961O,0.30152826040429664,4.573961681078703,0
I23JC096059X,-6.273620208645779,0.6528701733824095,0
I23JC096060Q,-3.559083250694299,-0.5014507122931949,0
I23JC096061R,-6.308111710762189,-0.739766758749636,0
I23JC096062S,-8.015779968779869,1.4696329672794488,0
I23JC096063T,-5.5607835065311555,0.29751677615484884,0
I23JE044621,2.5029584513909984,-2.0598826312774023,0
I23LA005984,-19.56770969521422,3.0319990500074545,0
I23LA005997,6.6003394879748365,-2.677240342208633,1
I23LA009785,1.3048008729164802,0.3648810394864468,0
I23LA213007,-5.894300407339857,-0.6725101417085912,0
I23LA465873,9.330861071118475,6.801774538918941,1
I23LA547069,16.237457196207117,1.4604092680030945,1
I24LA025413,18.114891747468086,-16.580397019938527,1
I24LA025880,5.966185775259637,-7.6831126216001975,1
I24LA026648,31.865641150069727,69.61632694026832,1
I24LA028096,10.552751103781759,-1.8303829690479627,1
I24LA028098,-0.722947552069252,2.910331383542565,0
I24LA028157,13.397262575810892,-19.692156251275577,1
I24LA028258,10.756939387339933,-4.9537857216417835,1
I24LA029109,-3.1123417148603223,-1.706691693893943,0
